ticket_id,order_no,item_seq,station,event,ts
0001-1-PREP,0001,1,PREP,FIRED,2026-10-06T17:10:54-07:00
0001-2-PREP,0001,2,PREP,FIRED,2026-10-06T17:10:54-07:00
0001-3-FRY,0001,3,FRY,FIRED,2026-10-06T17:10:54-07:00
0001-1-PREP,0001,1,PREP,STARTED,2026-10-06T17:10:54-07:00
0001-2-PREP,0001,2,PREP,STARTED,2026-10-06T17:10:54-07:00
0001-3-FRY,0001,3,FRY,STARTED,2026-10-06T17:10:54-07:00
0001-1-PREP,0001,1,PREP,BUMPED,2026-10-06T17:12:41-07:00
0001-1-GRILL,0001,1,GRILL,FIRED,2026-10-06T17:12:41-07:00
0001-1-GRILL,0001,1,GRILL,STARTED,2026-10-06T17:12:41-07:00
0001-2-PREP,0001,2,PREP,BUMPED,2026-10-06T17:12:46-07:00
0001-2-FRY,0001,2,FRY,FIRED,2026-10-06T17:12:46-07:00
0001-2-FRY,0001,2,FRY,STARTED,2026-10-06T17:12:46-07:00
0001-3-FRY,0001,3,FRY,BUMPED,2026-10-06T17:14:15-07:00
0001-1-GRILL,0001,1,GRILL,BUMPED,2026-10-06T17:15:55-07:00
0002-1-PREP,0002,1,PREP,FIRED,2026-10-06T17:16:23-07:00
0002-2-FRY,0002,2,FRY,FIRED,2026-10-06T17:16:23-07:00
0002-1-PREP,0002,1,PREP,STARTED,2026-10-06T17:16:23-07:00
0002-2-FRY,0002,2,FRY,STARTED,2026-10-06T17:16:23-07:00
0001-2-FRY,0001,2,FRY,BUMPED,2026-10-06T17:17:10-07:00
0001-0-PASS,0001,0,PASS,FIRED,2026-10-06T17:17:10-07:00
0001-0-PASS,0001,0,PASS,STARTED,2026-10-06T17:17:10-07:00
0002-1-PREP,0002,1,PREP,BUMPED,2026-10-06T17:18:00-07:00
0002-1-GRILL,0002,1,GRILL,FIRED,2026-10-06T17:18:00-07:00
0002-1-GRILL,0002,1,GRILL,STARTED,2026-10-06T17:18:00-07:00
0001-0-PASS,0001,0,PASS,BUMPED,2026-10-06T17:18:55-07:00
0002-2-FRY,0002,2,FRY,BUMPED,2026-10-06T17:20:43-07:00
0002-1-GRILL,0002,1,GRILL,BUMPED,2026-10-06T17:21:49-07:00
0002-0-PASS,0002,0,PASS,FIRED,2026-10-06T17:21:49-07:00
0002-0-PASS,0002,0,PASS,STARTED,2026-10-06T17:21:49-07:00
0002-0-PASS,0002,0,PASS,BUMPED,2026-10-06T17:23:04-07:00
0003-1-PREP,0003,1,PREP,FIRED,2026-10-06T17:29:11-07:00
0003-2-FRY,0003,2,FRY,FIRED,2026-10-06T17:29:11-07:00
0003-1-PREP,0003,1,PREP,STARTED,2026-10-06T17:29:11-07:00
0003-2-FRY,0003,2,FRY,STARTED,2026-10-06T17:29:11-07:00
0003-1-PREP,0003,1,PREP,BUMPED,2026-10-06T17:30:35-07:00
0003-1-GRILL,0003,1,GRILL,FIRED,2026-10-06T17:30:35-07:00
0003-1-GRILL,0003,1,GRILL,STARTED,2026-10-06T17:30:35-07:00
0004-1-PREP,0004,1,PREP,FIRED,2026-10-06T17:31:23-07:00
0004-2-FRY,0004,2,FRY,FIRED,2026-10-06T17:31:23-07:00
0004-1-PREP,0004,1,PREP,STARTED,2026-10-06T17:31:23-07:00
0004-2-FRY,0004,2,FRY,STARTED,2026-10-06T17:31:23-07:00
0003-2-FRY,0003,2,FRY,BUMPED,2026-10-06T17:32:02-07:00
0004-1-PREP,0004,1,PREP,BUMPED,2026-10-06T17:33:01-07:00
0004-1-FRY,0004,1,FRY,FIRED,2026-10-06T17:33:01-07:00
0004-1-FRY,0004,1,FRY,STARTED,2026-10-06T17:33:01-07:00
0005-1-PREP,0005,1,PREP,FIRED,2026-10-06T17:33:40-07:00
0005-2-FRY,0005,2,FRY,FIRED,2026-10-06T17:33:40-07:00
0005-1-PREP,0005,1,PREP,STARTED,2026-10-06T17:33:40-07:00
0005-2-FRY,0005,2,FRY,STARTED,2026-10-06T17:33:40-07:00
0006-1-PREP,0006,1,PREP,FIRED,2026-10-06T17:34:10-07:00
0006-2-FRY,0006,2,FRY,FIRED,2026-10-06T17:34:10-07:00
0006-1-PREP,0006,1,PREP,STARTED,2026-10-06T17:34:10-07:00
0003-1-GRILL,0003,1,GRILL,BUMPED,2026-10-06T17:34:40-07:00
0003-0-PASS,0003,0,PASS,FIRED,2026-10-06T17:34:40-07:00
0003-0-PASS,0003,0,PASS,STARTED,2026-10-06T17:34:40-07:00
0005-1-PREP,0005,1,PREP,BUMPED,2026-10-06T17:35:28-07:00
0005-1-GRILL,0005,1,GRILL,FIRED,2026-10-06T17:35:28-07:00
0005-1-GRILL,0005,1,GRILL,STARTED,2026-10-06T17:35:28-07:00
0004-2-FRY,0004,2,FRY,BUMPED,2026-10-06T17:35:37-07:00
0006-2-FRY,0006,2,FRY,STARTED,2026-10-06T17:35:37-07:00
0006-1-PREP,0006,1,PREP,BUMPED,2026-10-06T17:35:50-07:00
0006-1-FRY,0006,1,FRY,FIRED,2026-10-06T17:35:50-07:00
0003-0-PASS,0003,0,PASS,BUMPED,2026-10-06T17:36:01-07:00
0007-1-PREP,0007,1,PREP,FIRED,2026-10-06T17:37:23-07:00
0007-2-PREP,0007,2,PREP,FIRED,2026-10-06T17:37:23-07:00
0007-3-FRY,0007,3,FRY,FIRED,2026-10-06T17:37:23-07:00
0007-1-PREP,0007,1,PREP,STARTED,2026-10-06T17:37:23-07:00
0007-2-PREP,0007,2,PREP,STARTED,2026-10-06T17:37:23-07:00
0005-2-FRY,0005,2,FRY,BUMPED,2026-10-06T17:37:29-07:00
0006-1-FRY,0006,1,FRY,STARTED,2026-10-06T17:37:29-07:00
0008-1-PREP,0008,1,PREP,FIRED,2026-10-06T17:38:25-07:00
0008-2-FRY,0008,2,FRY,FIRED,2026-10-06T17:38:25-07:00
0008-1-PREP,0008,1,PREP,STARTED,2026-10-06T17:38:25-07:00
0006-2-FRY,0006,2,FRY,BUMPED,2026-10-06T17:38:35-07:00
0007-3-FRY,0007,3,FRY,STARTED,2026-10-06T17:38:35-07:00
0007-2-PREP,0007,2,PREP,BUMPED,2026-10-06T17:38:38-07:00
0007-2-GRILL,0007,2,GRILL,FIRED,2026-10-06T17:38:38-07:00
0007-2-GRILL,0007,2,GRILL,STARTED,2026-10-06T17:38:38-07:00
0007-1-PREP,0007,1,PREP,BUMPED,2026-10-06T17:38:51-07:00
0007-1-FRY,0007,1,FRY,FIRED,2026-10-06T17:38:51-07:00
0004-1-FRY,0004,1,FRY,BUMPED,2026-10-06T17:39:14-07:00
0004-0-PASS,0004,0,PASS,FIRED,2026-10-06T17:39:14-07:00
0004-0-PASS,0004,0,PASS,STARTED,2026-10-06T17:39:14-07:00
0008-2-FRY,0008,2,FRY,STARTED,2026-10-06T17:39:14-07:00
0009-1-PREP,0009,1,PREP,FIRED,2026-10-06T17:39:17-07:00
0009-1-PREP,0009,1,PREP,STARTED,2026-10-06T17:39:17-07:00
0005-1-GRILL,0005,1,GRILL,BUMPED,2026-10-06T17:39:25-07:00
0005-0-PASS,0005,0,PASS,FIRED,2026-10-06T17:39:25-07:00
0005-0-PASS,0005,0,PASS,STARTED,2026-10-06T17:39:25-07:00
0008-1-PREP,0008,1,PREP,BUMPED,2026-10-06T17:40:29-07:00
0005-0-PASS,0005,0,PASS,BUMPED,2026-10-06T17:40:43-07:00
0004-0-PASS,0004,0,PASS,BUMPED,2026-10-06T17:40:44-07:00
0009-1-PREP,0009,1,PREP,BUMPED,2026-10-06T17:40:52-07:00
0009-1-FRY,0009,1,FRY,FIRED,2026-10-06T17:40:52-07:00
0010-1-PREP,0010,1,PREP,FIRED,2026-10-06T17:40:59-07:00
0010-2-PREP,0010,2,PREP,FIRED,2026-10-06T17:40:59-07:00
0010-3-FRY,0010,3,FRY,FIRED,2026-10-06T17:40:59-07:00
0010-1-PREP,0010,1,PREP,STARTED,2026-10-06T17:40:59-07:00
0010-2-PREP,0010,2,PREP,STARTED,2026-10-06T17:40:59-07:00
0007-3-FRY,0007,3,FRY,BUMPED,2026-10-06T17:41:23-07:00
0007-1-FRY,0007,1,FRY,STARTED,2026-10-06T17:41:23-07:00
0010-1-PREP,0010,1,PREP,BUMPED,2026-10-06T17:42:26-07:00
0010-1-GRILL,0010,1,GRILL,FIRED,2026-10-06T17:42:26-07:00
0010-1-GRILL,0010,1,GRILL,STARTED,2026-10-06T17:42:26-07:00
0010-2-PREP,0010,2,PREP,BUMPED,2026-10-06T17:42:27-07:00
0010-2-FRY,0010,2,FRY,FIRED,2026-10-06T17:42:27-07:00
0007-2-GRILL,0007,2,GRILL,BUMPED,2026-10-06T17:42:28-07:00
0006-1-FRY,0006,1,FRY,BUMPED,2026-10-06T17:42:45-07:00
0006-0-PASS,0006,0,PASS,FIRED,2026-10-06T17:42:45-07:00
0006-0-PASS,0006,0,PASS,STARTED,2026-10-06T17:42:45-07:00
0009-1-FRY,0009,1,FRY,STARTED,2026-10-06T17:42:45-07:00
0008-2-FRY,0008,2,FRY,BUMPED,2026-10-06T17:43:23-07:00
0008-0-PASS,0008,0,PASS,FIRED,2026-10-06T17:43:23-07:00
0008-0-PASS,0008,0,PASS,STARTED,2026-10-06T17:43:23-07:00
0010-3-FRY,0010,3,FRY,STARTED,2026-10-06T17:43:23-07:00
0006-0-PASS,0006,0,PASS,BUMPED,2026-10-06T17:44:12-07:00
0008-0-PASS,0008,0,PASS,BUMPED,2026-10-06T17:44:49-07:00
0011-1-PREP,0011,1,PREP,FIRED,2026-10-06T17:45:07-07:00
0011-1-PREP,0011,1,PREP,STARTED,2026-10-06T17:45:07-07:00
0012-1-PREP,0012,1,PREP,FIRED,2026-10-06T17:45:40-07:00
0012-2-FRY,0012,2,FRY,FIRED,2026-10-06T17:45:40-07:00
0012-1-PREP,0012,1,PREP,STARTED,2026-10-06T17:45:40-07:00
0010-1-GRILL,0010,1,GRILL,BUMPED,2026-10-06T17:45:56-07:00
0007-1-FRY,0007,1,FRY,BUMPED,2026-10-06T17:46:10-07:00
0007-0-PASS,0007,0,PASS,FIRED,2026-10-06T17:46:10-07:00
0007-0-PASS,0007,0,PASS,STARTED,2026-10-06T17:46:10-07:00
0010-2-FRY,0010,2,FRY,STARTED,2026-10-06T17:46:10-07:00
0010-3-FRY,0010,3,FRY,BUMPED,2026-10-06T17:46:22-07:00
0012-2-FRY,0012,2,FRY,STARTED,2026-10-06T17:46:22-07:00
0011-1-PREP,0011,1,PREP,BUMPED,2026-10-06T17:46:41-07:00
0011-1-GRILL,0011,1,GRILL,FIRED,2026-10-06T17:46:41-07:00
0011-1-GRILL,0011,1,GRILL,STARTED,2026-10-06T17:46:41-07:00
0012-1-PREP,0012,1,PREP,BUMPED,2026-10-06T17:47:01-07:00
0012-1-GRILL,0012,1,GRILL,FIRED,2026-10-06T17:47:01-07:00
0012-1-GRILL,0012,1,GRILL,STARTED,2026-10-06T17:47:01-07:00
0009-1-FRY,0009,1,FRY,BUMPED,2026-10-06T17:47:23-07:00
0009-0-PASS,0009,0,PASS,FIRED,2026-10-06T17:47:23-07:00
0009-0-PASS,0009,0,PASS,STARTED,2026-10-06T17:47:23-07:00
0007-0-PASS,0007,0,PASS,BUMPED,2026-10-06T17:47:36-07:00
0009-0-PASS,0009,0,PASS,BUMPED,2026-10-06T17:48:52-07:00
0012-2-FRY,0012,2,FRY,BUMPED,2026-10-06T17:49:20-07:00
0013-1-PREP,0013,1,PREP,FIRED,2026-10-06T17:50:33-07:00
0013-2-PREP,0013,2,PREP,FIRED,2026-10-06T17:50:33-07:00
0013-3-FRY,0013,3,FRY,FIRED,2026-10-06T17:50:33-07:00
0013-1-PREP,0013,1,PREP,STARTED,2026-10-06T17:50:33-07:00
0013-2-PREP,0013,2,PREP,STARTED,2026-10-06T17:50:33-07:00
0013-3-FRY,0013,3,FRY,STARTED,2026-10-06T17:50:33-07:00
0014-1-PREP,0014,1,PREP,FIRED,2026-10-06T17:51:12-07:00
0014-1-PREP,0014,1,PREP,STARTED,2026-10-06T17:51:12-07:00
0011-1-GRILL,0011,1,GRILL,BUMPED,2026-10-06T17:51:13-07:00
0011-0-PASS,0011,0,PASS,FIRED,2026-10-06T17:51:13-07:00
0011-0-PASS,0011,0,PASS,STARTED,2026-10-06T17:51:13-07:00
0010-2-FRY,0010,2,FRY,BUMPED,2026-10-06T17:51:23-07:00
0010-0-PASS,0010,0,PASS,FIRED,2026-10-06T17:51:23-07:00
0010-0-PASS,0010,0,PASS,STARTED,2026-10-06T17:51:23-07:00
0012-1-GRILL,0012,1,GRILL,BUMPED,2026-10-06T17:51:47-07:00
0012-0-PASS,0012,0,PASS,FIRED,2026-10-06T17:51:47-07:00
0013-2-PREP,0013,2,PREP,BUMPED,2026-10-06T17:51:57-07:00
0013-2-GRILL,0013,2,GRILL,FIRED,2026-10-06T17:51:57-07:00
0013-2-GRILL,0013,2,GRILL,STARTED,2026-10-06T17:51:57-07:00
0013-1-PREP,0013,1,PREP,BUMPED,2026-10-06T17:52:08-07:00
0013-1-GRILL,0013,1,GRILL,FIRED,2026-10-06T17:52:08-07:00
0013-1-GRILL,0013,1,GRILL,STARTED,2026-10-06T17:52:08-07:00
0014-1-PREP,0014,1,PREP,BUMPED,2026-10-06T17:52:37-07:00
0014-1-GRILL,0014,1,GRILL,FIRED,2026-10-06T17:52:37-07:00
0014-1-GRILL,0014,1,GRILL,STARTED,2026-10-06T17:52:37-07:00
0011-0-PASS,0011,0,PASS,BUMPED,2026-10-06T17:52:43-07:00
0012-0-PASS,0012,0,PASS,STARTED,2026-10-06T17:52:43-07:00
0010-0-PASS,0010,0,PASS,BUMPED,2026-10-06T17:52:51-07:00
0013-3-FRY,0013,3,FRY,BUMPED,2026-10-06T17:53:49-07:00
0015-1-PREP,0015,1,PREP,FIRED,2026-10-06T17:54:01-07:00
0015-1-PREP,0015,1,PREP,STARTED,2026-10-06T17:54:01-07:00
0012-0-PASS,0012,0,PASS,BUMPED,2026-10-06T17:54:22-07:00
0015-1-PREP,0015,1,PREP,BUMPED,2026-10-06T17:55:14-07:00
0015-1-FRY,0015,1,FRY,FIRED,2026-10-06T17:55:14-07:00
0015-1-FRY,0015,1,FRY,STARTED,2026-10-06T17:55:14-07:00
0013-2-GRILL,0013,2,GRILL,BUMPED,2026-10-06T17:55:32-07:00
0016-1-PREP,0016,1,PREP,FIRED,2026-10-06T17:56:31-07:00
0016-2-FRY,0016,2,FRY,FIRED,2026-10-06T17:56:31-07:00
0016-1-PREP,0016,1,PREP,STARTED,2026-10-06T17:56:31-07:00
0016-2-FRY,0016,2,FRY,STARTED,2026-10-06T17:56:31-07:00
0013-1-GRILL,0013,1,GRILL,BUMPED,2026-10-06T17:56:52-07:00
0013-0-PASS,0013,0,PASS,FIRED,2026-10-06T17:56:52-07:00
0013-0-PASS,0013,0,PASS,STARTED,2026-10-06T17:56:52-07:00
0014-1-GRILL,0014,1,GRILL,BUMPED,2026-10-06T17:56:58-07:00
0014-0-PASS,0014,0,PASS,FIRED,2026-10-06T17:56:58-07:00
0014-0-PASS,0014,0,PASS,STARTED,2026-10-06T17:56:58-07:00
0016-1-PREP,0016,1,PREP,BUMPED,2026-10-06T17:57:55-07:00
0016-1-GRILL,0016,1,GRILL,FIRED,2026-10-06T17:57:55-07:00
0016-1-GRILL,0016,1,GRILL,STARTED,2026-10-06T17:57:55-07:00
0014-0-PASS,0014,0,PASS,BUMPED,2026-10-06T17:58:15-07:00
0017-1-PREP,0017,1,PREP,FIRED,2026-10-06T17:58:15-07:00
0017-2-FRY,0017,2,FRY,FIRED,2026-10-06T17:58:15-07:00
0018-1-PREP,0018,1,PREP,FIRED,2026-10-06T17:58:15-07:00
0017-1-PREP,0017,1,PREP,STARTED,2026-10-06T17:58:15-07:00
0017-2-FRY,0017,2,FRY,STARTED,2026-10-06T17:58:15-07:00
0018-1-PREP,0018,1,PREP,STARTED,2026-10-06T17:58:15-07:00
0013-0-PASS,0013,0,PASS,BUMPED,2026-10-06T17:58:42-07:00
0019-1-PREP,0019,1,PREP,FIRED,2026-10-06T17:59:44-07:00
0019-2-FRY,0019,2,FRY,FIRED,2026-10-06T17:59:44-07:00
0019-1-PREP,0019,1,PREP,STARTED,2026-10-06T17:59:44-07:00
0015-1-FRY,0015,1,FRY,BUMPED,2026-10-06T17:59:51-07:00
0015-0-PASS,0015,0,PASS,FIRED,2026-10-06T17:59:51-07:00
0015-0-PASS,0015,0,PASS,STARTED,2026-10-06T17:59:51-07:00
0019-2-FRY,0019,2,FRY,STARTED,2026-10-06T17:59:51-07:00
0018-1-PREP,0018,1,PREP,BUMPED,2026-10-06T17:59:56-07:00
0018-1-FRY,0018,1,FRY,FIRED,2026-10-06T17:59:56-07:00
0016-2-FRY,0016,2,FRY,BUMPED,2026-10-06T18:00:02-07:00
0018-1-FRY,0018,1,FRY,STARTED,2026-10-06T18:00:02-07:00
0015-0-PASS,0015,0,PASS,BUMPED,2026-10-06T18:01:08-07:00
0017-1-PREP,0017,1,PREP,BUMPED,2026-10-06T18:01:12-07:00
0017-2-FRY,0017,2,FRY,BUMPED,2026-10-06T18:01:12-07:00
0017-0-PASS,0017,0,PASS,FIRED,2026-10-06T18:01:12-07:00
0017-0-PASS,0017,0,PASS,STARTED,2026-10-06T18:01:12-07:00
0019-1-PREP,0019,1,PREP,BUMPED,2026-10-06T18:01:14-07:00
0019-1-GRILL,0019,1,GRILL,FIRED,2026-10-06T18:01:14-07:00
0019-1-GRILL,0019,1,GRILL,STARTED,2026-10-06T18:01:14-07:00
0016-1-GRILL,0016,1,GRILL,BUMPED,2026-10-06T18:02:49-07:00
0016-0-PASS,0016,0,PASS,FIRED,2026-10-06T18:02:49-07:00
0016-0-PASS,0016,0,PASS,STARTED,2026-10-06T18:02:49-07:00
0020-1-PREP,0020,1,PREP,FIRED,2026-10-06T18:02:52-07:00
0020-2-FRY,0020,2,FRY,FIRED,2026-10-06T18:02:52-07:00
0020-1-PREP,0020,1,PREP,STARTED,2026-10-06T18:02:52-07:00
0020-2-FRY,0020,2,FRY,STARTED,2026-10-06T18:02:52-07:00
0017-0-PASS,0017,0,PASS,BUMPED,2026-10-06T18:03:03-07:00
0019-2-FRY,0019,2,FRY,BUMPED,2026-10-06T18:03:05-07:00
0021-1-PREP,0021,1,PREP,FIRED,2026-10-06T18:03:09-07:00
0021-1-PREP,0021,1,PREP,STARTED,2026-10-06T18:03:09-07:00
0021-1-PREP,0021,1,PREP,BUMPED,2026-10-06T18:04:31-07:00
0021-1-GRILL,0021,1,GRILL,FIRED,2026-10-06T18:04:31-07:00
0021-1-GRILL,0021,1,GRILL,STARTED,2026-10-06T18:04:31-07:00
0016-0-PASS,0016,0,PASS,BUMPED,2026-10-06T18:04:35-07:00
0022-1-PREP,0022,1,PREP,FIRED,2026-10-06T18:04:45-07:00
0022-2-PREP,0022,2,PREP,FIRED,2026-10-06T18:04:45-07:00
0022-1-PREP,0022,1,PREP,STARTED,2026-10-06T18:04:45-07:00
0022-2-PREP,0022,2,PREP,STARTED,2026-10-06T18:04:45-07:00
0023-1-PREP,0023,1,PREP,FIRED,2026-10-06T18:05:27-07:00
0023-1-PREP,0023,1,PREP,STARTED,2026-10-06T18:05:27-07:00
0018-1-FRY,0018,1,FRY,BUMPED,2026-10-06T18:05:34-07:00
0018-0-PASS,0018,0,PASS,FIRED,2026-10-06T18:05:34-07:00
0018-0-PASS,0018,0,PASS,STARTED,2026-10-06T18:05:34-07:00
0020-1-PREP,0020,1,PREP,BUMPED,2026-10-06T18:05:38-07:00
0019-1-GRILL,0019,1,GRILL,BUMPED,2026-10-06T18:05:56-07:00
0019-0-PASS,0019,0,PASS,FIRED,2026-10-06T18:05:56-07:00
0019-0-PASS,0019,0,PASS,STARTED,2026-10-06T18:05:56-07:00
0024-1-PREP,0024,1,PREP,FIRED,2026-10-06T18:06:14-07:00
0024-2-PREP,0024,2,PREP,FIRED,2026-10-06T18:06:14-07:00
0024-1-PREP,0024,1,PREP,STARTED,2026-10-06T18:06:14-07:00
0020-2-FRY,0020,2,FRY,BUMPED,2026-10-06T18:06:26-07:00
0020-0-PASS,0020,0,PASS,FIRED,2026-10-06T18:06:26-07:00
0022-1-PREP,0022,1,PREP,BUMPED,2026-10-06T18:06:30-07:00
0022-1-GRILL,0022,1,GRILL,FIRED,2026-10-06T18:06:30-07:00
0022-1-GRILL,0022,1,GRILL,STARTED,2026-10-06T18:06:30-07:00
0024-2-PREP,0024,2,PREP,STARTED,2026-10-06T18:06:30-07:00
0022-2-PREP,0022,2,PREP,BUMPED,2026-10-06T18:06:35-07:00
0022-2-FRY,0022,2,FRY,FIRED,2026-10-06T18:06:35-07:00
0022-2-FRY,0022,2,FRY,STARTED,2026-10-06T18:06:35-07:00
0023-1-PREP,0023,1,PREP,BUMPED,2026-10-06T18:06:45-07:00
0023-1-GRILL,0023,1,GRILL,FIRED,2026-10-06T18:06:45-07:00
0023-1-GRILL,0023,1,GRILL,STARTED,2026-10-06T18:06:45-07:00
0018-0-PASS,0018,0,PASS,BUMPED,2026-10-06T18:06:52-07:00
0020-0-PASS,0020,0,PASS,STARTED,2026-10-06T18:06:52-07:00
0019-0-PASS,0019,0,PASS,BUMPED,2026-10-06T18:07:19-07:00
0025-1-PREP,0025,1,PREP,FIRED,2026-10-06T18:07:23-07:00
0025-2-FRY,0025,2,FRY,FIRED,2026-10-06T18:07:23-07:00
0025-1-PREP,0025,1,PREP,STARTED,2026-10-06T18:07:23-07:00
0025-2-FRY,0025,2,FRY,STARTED,2026-10-06T18:07:23-07:00
0024-1-PREP,0024,1,PREP,BUMPED,2026-10-06T18:07:52-07:00
0024-1-GRILL,0024,1,GRILL,FIRED,2026-10-06T18:07:52-07:00
0024-1-GRILL,0024,1,GRILL,STARTED,2026-10-06T18:07:52-07:00
0021-1-GRILL,0021,1,GRILL,BUMPED,2026-10-06T18:08:03-07:00
0021-0-PASS,0021,0,PASS,FIRED,2026-10-06T18:08:03-07:00
0021-0-PASS,0021,0,PASS,STARTED,2026-10-06T18:08:03-07:00
0024-2-PREP,0024,2,PREP,BUMPED,2026-10-06T18:08:13-07:00
0024-2-GRILL,0024,2,GRILL,FIRED,2026-10-06T18:08:13-07:00
0024-2-GRILL,0024,2,GRILL,STARTED,2026-10-06T18:08:13-07:00
0026-1-PREP,0026,1,PREP,FIRED,2026-10-06T18:08:16-07:00
0026-2-PREP,0026,2,PREP,FIRED,2026-10-06T18:08:16-07:00
0026-1-PREP,0026,1,PREP,STARTED,2026-10-06T18:08:16-07:00
0026-2-PREP,0026,2,PREP,STARTED,2026-10-06T18:08:16-07:00
0020-0-PASS,0020,0,PASS,BUMPED,2026-10-06T18:08:20-07:00
0025-1-PREP,0025,1,PREP,BUMPED,2026-10-06T18:08:51-07:00
0025-1-FRY,0025,1,FRY,FIRED,2026-10-06T18:08:51-07:00
0025-1-FRY,0025,1,FRY,STARTED,2026-10-06T18:08:51-07:00
0027-1-PREP,0027,1,PREP,FIRED,2026-10-06T18:09:09-07:00
0027-2-PREP,0027,2,PREP,FIRED,2026-10-06T18:09:09-07:00
0027-1-PREP,0027,1,PREP,STARTED,2026-10-06T18:09:09-07:00
0027-2-PREP,0027,2,PREP,STARTED,2026-10-06T18:09:09-07:00
0021-0-PASS,0021,0,PASS,BUMPED,2026-10-06T18:09:23-07:00
0026-2-PREP,0026,2,PREP,BUMPED,2026-10-06T18:09:50-07:00
0026-2-GRILL,0026,2,GRILL,FIRED,2026-10-06T18:09:50-07:00
0028-1-PREP,0028,1,PREP,FIRED,2026-10-06T18:10:23-07:00
0028-2-FRY,0028,2,FRY,FIRED,2026-10-06T18:10:23-07:00
0028-1-PREP,0028,1,PREP,STARTED,2026-10-06T18:10:23-07:00
0029-1-PREP,0029,1,PREP,FIRED,2026-10-06T18:10:34-07:00
0029-2-FRY,0029,2,FRY,FIRED,2026-10-06T18:10:34-07:00
0025-2-FRY,0025,2,FRY,BUMPED,2026-10-06T18:10:48-07:00
0028-2-FRY,0028,2,FRY,STARTED,2026-10-06T18:10:48-07:00
0022-2-FRY,0022,2,FRY,BUMPED,2026-10-06T18:10:51-07:00
0026-1-PREP,0026,1,PREP,BUMPED,2026-10-06T18:10:51-07:00
0027-1-PREP,0027,1,PREP,BUMPED,2026-10-06T18:10:51-07:00
0027-1-GRILL,0027,1,GRILL,FIRED,2026-10-06T18:10:51-07:00
0029-1-PREP,0029,1,PREP,STARTED,2026-10-06T18:10:51-07:00
0029-2-FRY,0029,2,FRY,STARTED,2026-10-06T18:10:51-07:00
0027-2-PREP,0027,2,PREP,BUMPED,2026-10-06T18:10:53-07:00
0027-2-GRILL,0027,2,GRILL,FIRED,2026-10-06T18:10:53-07:00
0022-1-GRILL,0022,1,GRILL,BUMPED,2026-10-06T18:11:00-07:00
0022-0-PASS,0022,0,PASS,FIRED,2026-10-06T18:11:00-07:00
0022-0-PASS,0022,0,PASS,STARTED,2026-10-06T18:11:00-07:00
0026-2-GRILL,0026,2,GRILL,STARTED,2026-10-06T18:11:00-07:00
0023-1-GRILL,0023,1,GRILL,BUMPED,2026-10-06T18:11:14-07:00
0023-0-PASS,0023,0,PASS,FIRED,2026-10-06T18:11:14-07:00
0023-0-PASS,0023,0,PASS,STARTED,2026-10-06T18:11:14-07:00
0027-1-GRILL,0027,1,GRILL,STARTED,2026-10-06T18:11:14-07:00
0024-1-GRILL,0024,1,GRILL,BUMPED,2026-10-06T18:11:16-07:00
0027-2-GRILL,0027,2,GRILL,STARTED,2026-10-06T18:11:16-07:00
0028-1-PREP,0028,1,PREP,BUMPED,2026-10-06T18:12:12-07:00
0028-1-GRILL,0028,1,GRILL,FIRED,2026-10-06T18:12:12-07:00
0023-0-PASS,0023,0,PASS,BUMPED,2026-10-06T18:12:27-07:00
0030-1-PREP,0030,1,PREP,FIRED,2026-10-06T18:12:27-07:00
0030-2-FRY,0030,2,FRY,FIRED,2026-10-06T18:12:27-07:00
0030-1-PREP,0030,1,PREP,STARTED,2026-10-06T18:12:27-07:00
0024-2-GRILL,0024,2,GRILL,BUMPED,2026-10-06T18:12:28-07:00
0024-0-PASS,0024,0,PASS,FIRED,2026-10-06T18:12:28-07:00
0024-0-PASS,0024,0,PASS,STARTED,2026-10-06T18:12:28-07:00
0028-1-GRILL,0028,1,GRILL,STARTED,2026-10-06T18:12:28-07:00
0022-0-PASS,0022,0,PASS,BUMPED,2026-10-06T18:12:30-07:00
0029-1-PREP,0029,1,PREP,BUMPED,2026-10-06T18:12:36-07:00
0029-1-FRY,0029,1,FRY,FIRED,2026-10-06T18:12:36-07:00
0024-0-PASS,0024,0,PASS,BUMPED,2026-10-06T18:13:43-07:00
0028-2-FRY,0028,2,FRY,BUMPED,2026-10-06T18:13:50-07:00
0030-2-FRY,0030,2,FRY,STARTED,2026-10-06T18:13:50-07:00
0030-1-PREP,0030,1,PREP,BUMPED,2026-10-06T18:14:07-07:00
0030-1-GRILL,0030,1,GRILL,FIRED,2026-10-06T18:14:07-07:00
0026-2-GRILL,0026,2,GRILL,BUMPED,2026-10-06T18:14:17-07:00
0026-0-PASS,0026,0,PASS,FIRED,2026-10-06T18:14:17-07:00
0026-0-PASS,0026,0,PASS,STARTED,2026-10-06T18:14:17-07:00
0030-1-GRILL,0030,1,GRILL,STARTED,2026-10-06T18:14:17-07:00
0025-1-FRY,0025,1,FRY,BUMPED,2026-10-06T18:14:18-07:00
0025-0-PASS,0025,0,PASS,FIRED,2026-10-06T18:14:18-07:00
0025-0-PASS,0025,0,PASS,STARTED,2026-10-06T18:14:18-07:00
0029-1-FRY,0029,1,FRY,STARTED,2026-10-06T18:14:18-07:00
0027-1-GRILL,0027,1,GRILL,BUMPED,2026-10-06T18:14:29-07:00
0029-2-FRY,0029,2,FRY,BUMPED,2026-10-06T18:14:47-07:00
0027-2-GRILL,0027,2,GRILL,BUMPED,2026-10-06T18:14:57-07:00
0027-0-PASS,0027,0,PASS,FIRED,2026-10-06T18:14:57-07:00
0026-0-PASS,0026,0,PASS,BUMPED,2026-10-06T18:15:30-07:00
0027-0-PASS,0027,0,PASS,STARTED,2026-10-06T18:15:30-07:00
0031-1-PREP,0031,1,PREP,FIRED,2026-10-06T18:15:52-07:00
0031-2-FRY,0031,2,FRY,FIRED,2026-10-06T18:15:52-07:00
0031-1-PREP,0031,1,PREP,STARTED,2026-10-06T18:15:52-07:00
0031-2-FRY,0031,2,FRY,STARTED,2026-10-06T18:15:52-07:00
0025-0-PASS,0025,0,PASS,BUMPED,2026-10-06T18:16:04-07:00
0028-1-GRILL,0028,1,GRILL,BUMPED,2026-10-06T18:16:33-07:00
0028-0-PASS,0028,0,PASS,FIRED,2026-10-06T18:16:33-07:00
0028-0-PASS,0028,0,PASS,STARTED,2026-10-06T18:16:33-07:00
0027-0-PASS,0027,0,PASS,BUMPED,2026-10-06T18:16:55-07:00
0030-2-FRY,0030,2,FRY,BUMPED,2026-10-06T18:17:16-07:00
0031-1-PREP,0031,1,PREP,BUMPED,2026-10-06T18:17:26-07:00
0031-1-GRILL,0031,1,GRILL,FIRED,2026-10-06T18:17:26-07:00
0031-1-GRILL,0031,1,GRILL,STARTED,2026-10-06T18:17:26-07:00
0032-1-PREP,0032,1,PREP,FIRED,2026-10-06T18:17:47-07:00
0032-2-FRY,0032,2,FRY,FIRED,2026-10-06T18:17:47-07:00
0032-1-PREP,0032,1,PREP,STARTED,2026-10-06T18:17:47-07:00
0032-2-FRY,0032,2,FRY,STARTED,2026-10-06T18:17:47-07:00
0028-0-PASS,0028,0,PASS,BUMPED,2026-10-06T18:17:56-07:00
0030-1-GRILL,0030,1,GRILL,BUMPED,2026-10-06T18:18:05-07:00
0030-0-PASS,0030,0,PASS,FIRED,2026-10-06T18:18:05-07:00
0030-0-PASS,0030,0,PASS,STARTED,2026-10-06T18:18:05-07:00
0031-2-FRY,0031,2,FRY,BUMPED,2026-10-06T18:19:29-07:00
0029-1-FRY,0029,1,FRY,BUMPED,2026-10-06T18:19:32-07:00
0029-0-PASS,0029,0,PASS,FIRED,2026-10-06T18:19:32-07:00
0029-0-PASS,0029,0,PASS,STARTED,2026-10-06T18:19:32-07:00
0032-1-PREP,0032,1,PREP,BUMPED,2026-10-06T18:19:36-07:00
0032-1-GRILL,0032,1,GRILL,FIRED,2026-10-06T18:19:36-07:00
0032-1-GRILL,0032,1,GRILL,STARTED,2026-10-06T18:19:36-07:00
0030-0-PASS,0030,0,PASS,BUMPED,2026-10-06T18:19:50-07:00
0029-0-PASS,0029,0,PASS,BUMPED,2026-10-06T18:21:00-07:00
0031-1-GRILL,0031,1,GRILL,BUMPED,2026-10-06T18:21:25-07:00
0031-0-PASS,0031,0,PASS,FIRED,2026-10-06T18:21:25-07:00
0031-0-PASS,0031,0,PASS,STARTED,2026-10-06T18:21:25-07:00
0032-2-FRY,0032,2,FRY,BUMPED,2026-10-06T18:21:58-07:00
0031-0-PASS,0031,0,PASS,BUMPED,2026-10-06T18:22:50-07:00
0032-1-GRILL,0032,1,GRILL,BUMPED,2026-10-06T18:23:12-07:00
0032-0-PASS,0032,0,PASS,FIRED,2026-10-06T18:23:12-07:00
0032-0-PASS,0032,0,PASS,STARTED,2026-10-06T18:23:12-07:00
0033-1-PREP,0033,1,PREP,FIRED,2026-10-06T18:23:51-07:00
0033-2-FRY,0033,2,FRY,FIRED,2026-10-06T18:23:51-07:00
0033-1-PREP,0033,1,PREP,STARTED,2026-10-06T18:23:51-07:00
0033-2-FRY,0033,2,FRY,STARTED,2026-10-06T18:23:51-07:00
0034-1-PREP,0034,1,PREP,FIRED,2026-10-06T18:23:58-07:00
0034-2-PREP,0034,2,PREP,FIRED,2026-10-06T18:23:58-07:00
0034-1-PREP,0034,1,PREP,STARTED,2026-10-06T18:23:58-07:00
0032-0-PASS,0032,0,PASS,BUMPED,2026-10-06T18:24:58-07:00
0035-1-PREP,0035,1,PREP,FIRED,2026-10-06T18:25:03-07:00
0035-2-FRY,0035,2,FRY,FIRED,2026-10-06T18:25:03-07:00
0035-2-FRY,0035,2,FRY,STARTED,2026-10-06T18:25:03-07:00
0033-1-PREP,0033,1,PREP,BUMPED,2026-10-06T18:25:25-07:00
0033-1-GRILL,0033,1,GRILL,FIRED,2026-10-06T18:25:25-07:00
0033-1-GRILL,0033,1,GRILL,STARTED,2026-10-06T18:25:25-07:00
0034-2-PREP,0034,2,PREP,STARTED,2026-10-06T18:25:25-07:00
0034-1-PREP,0034,1,PREP,BUMPED,2026-10-06T18:26:40-07:00
0035-1-PREP,0035,1,PREP,STARTED,2026-10-06T18:26:40-07:00
0033-2-FRY,0033,2,FRY,BUMPED,2026-10-06T18:26:45-07:00
0034-2-PREP,0034,2,PREP,BUMPED,2026-10-06T18:27:15-07:00
0034-2-FRY,0034,2,FRY,FIRED,2026-10-06T18:27:15-07:00
0034-2-FRY,0034,2,FRY,STARTED,2026-10-06T18:27:15-07:00
0036-1-PREP,0036,1,PREP,FIRED,2026-10-06T18:28:10-07:00
0036-2-FRY,0036,2,FRY,FIRED,2026-10-06T18:28:10-07:00
0036-1-PREP,0036,1,PREP,STARTED,2026-10-06T18:28:10-07:00
0036-2-FRY,0036,2,FRY,STARTED,2026-10-06T18:28:10-07:00
0035-2-FRY,0035,2,FRY,BUMPED,2026-10-06T18:28:31-07:00
0037-1-PREP,0037,1,PREP,FIRED,2026-10-06T18:28:58-07:00
0038-1-PREP,0038,1,PREP,FIRED,2026-10-06T18:29:04-07:00
0038-2-FRY,0038,2,FRY,FIRED,2026-10-06T18:29:04-07:00
0038-2-FRY,0038,2,FRY,STARTED,2026-10-06T18:29:04-07:00
0036-1-PREP,0036,1,PREP,BUMPED,2026-10-06T18:29:42-07:00
0036-1-GRILL,0036,1,GRILL,FIRED,2026-10-06T18:29:42-07:00
0036-1-GRILL,0036,1,GRILL,STARTED,2026-10-06T18:29:42-07:00
0037-1-PREP,0037,1,PREP,STARTED,2026-10-06T18:29:42-07:00
0035-1-PREP,0035,1,PREP,BUMPED,2026-10-06T18:29:43-07:00
0035-0-PASS,0035,0,PASS,FIRED,2026-10-06T18:29:43-07:00
0035-0-PASS,0035,0,PASS,STARTED,2026-10-06T18:29:43-07:00
0038-1-PREP,0038,1,PREP,STARTED,2026-10-06T18:29:43-07:00
0039-1-PREP,0039,1,PREP,FIRED,2026-10-06T18:29:44-07:00
0039-2-FRY,0039,2,FRY,FIRED,2026-10-06T18:29:44-07:00
0039-2-FRY,0039,2,FRY,STARTED,2026-10-06T18:29:44-07:00
0033-1-GRILL,0033,1,GRILL,BUMPED,2026-10-06T18:30:18-07:00
0033-0-PASS,0033,0,PASS,FIRED,2026-10-06T18:30:18-07:00
0033-0-PASS,0033,0,PASS,STARTED,2026-10-06T18:30:18-07:00
0038-1-PREP,0038,1,PREP,BUMPED,2026-10-06T18:31:09-07:00
0038-1-FRY,0038,1,FRY,FIRED,2026-10-06T18:31:09-07:00
0038-1-FRY,0038,1,FRY,STARTED,2026-10-06T18:31:09-07:00
0039-1-PREP,0039,1,PREP,STARTED,2026-10-06T18:31:09-07:00
0037-1-PREP,0037,1,PREP,BUMPED,2026-10-06T18:31:11-07:00
0037-1-FRY,0037,1,FRY,FIRED,2026-10-06T18:31:11-07:00
0035-0-PASS,0035,0,PASS,BUMPED,2026-10-06T18:31:26-07:00
0033-0-PASS,0033,0,PASS,BUMPED,2026-10-06T18:31:33-07:00
0040-1-PREP,0040,1,PREP,FIRED,2026-10-06T18:32:19-07:00
0040-2-PREP,0040,2,PREP,FIRED,2026-10-06T18:32:19-07:00
0040-3-FRY,0040,3,FRY,FIRED,2026-10-06T18:32:19-07:00
0040-1-PREP,0040,1,PREP,STARTED,2026-10-06T18:32:19-07:00
0036-2-FRY,0036,2,FRY,BUMPED,2026-10-06T18:32:21-07:00
0037-1-FRY,0037,1,FRY,STARTED,2026-10-06T18:32:21-07:00
0039-1-PREP,0039,1,PREP,BUMPED,2026-10-06T18:32:22-07:00
0039-1-FRY,0039,1,FRY,FIRED,2026-10-06T18:32:22-07:00
0040-2-PREP,0040,2,PREP,STARTED,2026-10-06T18:32:22-07:00
0038-2-FRY,0038,2,FRY,BUMPED,2026-10-06T18:32:30-07:00
0040-3-FRY,0040,3,FRY,STARTED,2026-10-06T18:32:30-07:00
0034-2-FRY,0034,2,FRY,BUMPED,2026-10-06T18:33:02-07:00
0034-0-PASS,0034,0,PASS,FIRED,2026-10-06T18:33:02-07:00
0034-0-PASS,0034,0,PASS,STARTED,2026-10-06T18:33:02-07:00
0039-1-FRY,0039,1,FRY,STARTED,2026-10-06T18:33:02-07:00
0039-2-FRY,0039,2,FRY,BUMPED,2026-10-06T18:33:42-07:00
0040-2-PREP,0040,2,PREP,BUMPED,2026-10-06T18:33:44-07:00
0040-2-GRILL,0040,2,GRILL,FIRED,2026-10-06T18:33:44-07:00
0040-2-GRILL,0040,2,GRILL,STARTED,2026-10-06T18:33:44-07:00
0040-1-PREP,0040,1,PREP,BUMPED,2026-10-06T18:34:06-07:00
0040-1-GRILL,0040,1,GRILL,FIRED,2026-10-06T18:34:06-07:00
0040-1-GRILL,0040,1,GRILL,STARTED,2026-10-06T18:34:06-07:00
0036-1-GRILL,0036,1,GRILL,BUMPED,2026-10-06T18:34:29-07:00
0036-0-PASS,0036,0,PASS,FIRED,2026-10-06T18:34:29-07:00
0036-0-PASS,0036,0,PASS,STARTED,2026-10-06T18:34:29-07:00
0041-1-PREP,0041,1,PREP,FIRED,2026-10-06T18:34:41-07:00
0041-2-FRY,0041,2,FRY,FIRED,2026-10-06T18:34:41-07:00
0041-1-PREP,0041,1,PREP,STARTED,2026-10-06T18:34:41-07:00
0041-2-FRY,0041,2,FRY,STARTED,2026-10-06T18:34:41-07:00
0034-0-PASS,0034,0,PASS,BUMPED,2026-10-06T18:34:48-07:00
0036-0-PASS,0036,0,PASS,BUMPED,2026-10-06T18:35:46-07:00
0041-1-PREP,0041,1,PREP,BUMPED,2026-10-06T18:35:53-07:00
0041-1-GRILL,0041,1,GRILL,FIRED,2026-10-06T18:35:53-07:00
0041-1-GRILL,0041,1,GRILL,STARTED,2026-10-06T18:35:53-07:00
0038-1-FRY,0038,1,FRY,BUMPED,2026-10-06T18:36:11-07:00
0040-3-FRY,0040,3,FRY,BUMPED,2026-10-06T18:36:11-07:00
0038-0-PASS,0038,0,PASS,FIRED,2026-10-06T18:36:11-07:00
0038-0-PASS,0038,0,PASS,STARTED,2026-10-06T18:36:11-07:00
0037-1-FRY,0037,1,FRY,BUMPED,2026-10-06T18:36:39-07:00
0037-0-PASS,0037,0,PASS,FIRED,2026-10-06T18:36:39-07:00
0037-0-PASS,0037,0,PASS,STARTED,2026-10-06T18:36:39-07:00
0039-1-FRY,0039,1,FRY,BUMPED,2026-10-06T18:37:22-07:00
0039-0-PASS,0039,0,PASS,FIRED,2026-10-06T18:37:22-07:00
0040-2-GRILL,0040,2,GRILL,BUMPED,2026-10-06T18:37:31-07:00
0038-0-PASS,0038,0,PASS,BUMPED,2026-10-06T18:37:47-07:00
0039-0-PASS,0039,0,PASS,STARTED,2026-10-06T18:37:47-07:00
0037-0-PASS,0037,0,PASS,BUMPED,2026-10-06T18:37:51-07:00
0042-1-PREP,0042,1,PREP,FIRED,2026-10-06T18:37:53-07:00
0042-2-FRY,0042,2,FRY,FIRED,2026-10-06T18:37:53-07:00
0042-1-PREP,0042,1,PREP,STARTED,2026-10-06T18:37:53-07:00
0042-2-FRY,0042,2,FRY,STARTED,2026-10-06T18:37:53-07:00
0041-2-FRY,0041,2,FRY,BUMPED,2026-10-06T18:38:04-07:00
0040-1-GRILL,0040,1,GRILL,BUMPED,2026-10-06T18:38:34-07:00
0040-0-PASS,0040,0,PASS,FIRED,2026-10-06T18:38:34-07:00
0040-0-PASS,0040,0,PASS,STARTED,2026-10-06T18:38:34-07:00
0039-0-PASS,0039,0,PASS,BUMPED,2026-10-06T18:39:18-07:00
0042-1-PREP,0042,1,PREP,BUMPED,2026-10-06T18:39:36-07:00
0042-1-GRILL,0042,1,GRILL,FIRED,2026-10-06T18:39:36-07:00
0042-1-GRILL,0042,1,GRILL,STARTED,2026-10-06T18:39:36-07:00
0040-0-PASS,0040,0,PASS,BUMPED,2026-10-06T18:40:09-07:00
0041-1-GRILL,0041,1,GRILL,BUMPED,2026-10-06T18:40:30-07:00
0041-0-PASS,0041,0,PASS,FIRED,2026-10-06T18:40:30-07:00
0041-0-PASS,0041,0,PASS,STARTED,2026-10-06T18:40:30-07:00
0042-2-FRY,0042,2,FRY,BUMPED,2026-10-06T18:41:02-07:00
0041-0-PASS,0041,0,PASS,BUMPED,2026-10-06T18:41:49-07:00
0043-1-PREP,0043,1,PREP,FIRED,2026-10-06T18:42:45-07:00
0043-2-FRY,0043,2,FRY,FIRED,2026-10-06T18:42:45-07:00
0043-1-PREP,0043,1,PREP,STARTED,2026-10-06T18:42:45-07:00
0043-2-FRY,0043,2,FRY,STARTED,2026-10-06T18:42:45-07:00
0042-1-GRILL,0042,1,GRILL,BUMPED,2026-10-06T18:43:49-07:00
0042-0-PASS,0042,0,PASS,FIRED,2026-10-06T18:43:49-07:00
0042-0-PASS,0042,0,PASS,STARTED,2026-10-06T18:43:49-07:00
0044-1-PREP,0044,1,PREP,FIRED,2026-10-06T18:44:05-07:00
0044-2-PREP,0044,2,PREP,FIRED,2026-10-06T18:44:05-07:00
0044-1-PREP,0044,1,PREP,STARTED,2026-10-06T18:44:05-07:00
0043-1-PREP,0043,1,PREP,BUMPED,2026-10-06T18:44:29-07:00
0043-1-GRILL,0043,1,GRILL,FIRED,2026-10-06T18:44:29-07:00
0043-1-GRILL,0043,1,GRILL,STARTED,2026-10-06T18:44:29-07:00
0044-2-PREP,0044,2,PREP,STARTED,2026-10-06T18:44:29-07:00
0045-1-PREP,0045,1,PREP,FIRED,2026-10-06T18:45:12-07:00
0045-2-PREP,0045,2,PREP,FIRED,2026-10-06T18:45:12-07:00
0044-1-PREP,0044,1,PREP,BUMPED,2026-10-06T18:45:32-07:00
0044-1-GRILL,0044,1,GRILL,FIRED,2026-10-06T18:45:32-07:00
0044-1-GRILL,0044,1,GRILL,STARTED,2026-10-06T18:45:32-07:00
0045-1-PREP,0045,1,PREP,STARTED,2026-10-06T18:45:32-07:00
0042-0-PASS,0042,0,PASS,BUMPED,2026-10-06T18:45:39-07:00
0043-2-FRY,0043,2,FRY,BUMPED,2026-10-06T18:45:41-07:00
0046-1-PREP,0046,1,PREP,FIRED,2026-10-06T18:45:46-07:00
0046-2-PREP,0046,2,PREP,FIRED,2026-10-06T18:45:46-07:00
0046-3-FRY,0046,3,FRY,FIRED,2026-10-06T18:45:46-07:00
0046-3-FRY,0046,3,FRY,STARTED,2026-10-06T18:45:46-07:00
0044-2-PREP,0044,2,PREP,BUMPED,2026-10-06T18:46:02-07:00
0044-2-GRILL,0044,2,GRILL,FIRED,2026-10-06T18:46:02-07:00
0044-2-GRILL,0044,2,GRILL,STARTED,2026-10-06T18:46:02-07:00
0045-2-PREP,0045,2,PREP,STARTED,2026-10-06T18:46:02-07:00
0047-1-PREP,0047,1,PREP,FIRED,2026-10-06T18:46:47-07:00
0047-2-FRY,0047,2,FRY,FIRED,2026-10-06T18:46:47-07:00
0047-2-FRY,0047,2,FRY,STARTED,2026-10-06T18:46:47-07:00
0045-1-PREP,0045,1,PREP,BUMPED,2026-10-06T18:47:22-07:00
0045-1-FRY,0045,1,FRY,FIRED,2026-10-06T18:47:22-07:00
0045-1-FRY,0045,1,FRY,STARTED,2026-10-06T18:47:22-07:00
0046-1-PREP,0046,1,PREP,STARTED,2026-10-06T18:47:22-07:00
0045-2-PREP,0045,2,PREP,BUMPED,2026-10-06T18:47:33-07:00
0045-2-GRILL,0045,2,GRILL,FIRED,2026-10-06T18:47:33-07:00
0045-2-GRILL,0045,2,GRILL,STARTED,2026-10-06T18:47:33-07:00
0046-2-PREP,0046,2,PREP,STARTED,2026-10-06T18:47:33-07:00
0043-1-GRILL,0043,1,GRILL,BUMPED,2026-10-06T18:47:51-07:00
0043-0-PASS,0043,0,PASS,FIRED,2026-10-06T18:47:51-07:00
0043-0-PASS,0043,0,PASS,STARTED,2026-10-06T18:47:51-07:00
0048-1-PREP,0048,1,PREP,FIRED,2026-10-06T18:48:16-07:00
0048-2-FRY,0048,2,FRY,FIRED,2026-10-06T18:48:16-07:00
0048-2-FRY,0048,2,FRY,STARTED,2026-10-06T18:48:16-07:00
0049-1-PREP,0049,1,PREP,FIRED,2026-10-06T18:48:53-07:00
0049-2-FRY,0049,2,FRY,FIRED,2026-10-06T18:48:53-07:00
0049-2-FRY,0049,2,FRY,STARTED,2026-10-06T18:48:53-07:00
0044-1-GRILL,0044,1,GRILL,BUMPED,2026-10-06T18:49:01-07:00
0046-3-FRY,0046,3,FRY,BUMPED,2026-10-06T18:49:01-07:00
0046-1-PREP,0046,1,PREP,BUMPED,2026-10-06T18:49:09-07:00
0046-1-GRILL,0046,1,GRILL,FIRED,2026-10-06T18:49:09-07:00
0046-1-GRILL,0046,1,GRILL,STARTED,2026-10-06T18:49:09-07:00
0047-1-PREP,0047,1,PREP,STARTED,2026-10-06T18:49:09-07:00
0046-2-PREP,0046,2,PREP,BUMPED,2026-10-06T18:49:22-07:00
0046-2-GRILL,0046,2,GRILL,FIRED,2026-10-06T18:49:22-07:00
0046-2-GRILL,0046,2,GRILL,STARTED,2026-10-06T18:49:22-07:00
0048-1-PREP,0048,1,PREP,STARTED,2026-10-06T18:49:22-07:00
0050-1-PREP,0050,1,PREP,FIRED,2026-10-06T18:49:25-07:00
0050-2-FRY,0050,2,FRY,FIRED,2026-10-06T18:49:25-07:00
0050-2-FRY,0050,2,FRY,STARTED,2026-10-06T18:49:25-07:00
0043-0-PASS,0043,0,PASS,BUMPED,2026-10-06T18:49:39-07:00
0044-2-GRILL,0044,2,GRILL,BUMPED,2026-10-06T18:50:13-07:00
0044-0-PASS,0044,0,PASS,FIRED,2026-10-06T18:50:13-07:00
0044-0-PASS,0044,0,PASS,STARTED,2026-10-06T18:50:13-07:00
0047-2-FRY,0047,2,FRY,BUMPED,2026-10-06T18:50:40-07:00
0047-1-PREP,0047,1,PREP,BUMPED,2026-10-06T18:50:50-07:00
0047-1-GRILL,0047,1,GRILL,FIRED,2026-10-06T18:50:50-07:00
0047-1-GRILL,0047,1,GRILL,STARTED,2026-10-06T18:50:50-07:00
0049-1-PREP,0049,1,PREP,STARTED,2026-10-06T18:50:50-07:00
0048-1-PREP,0048,1,PREP,BUMPED,2026-10-06T18:50:56-07:00
0048-1-FRY,0048,1,FRY,FIRED,2026-10-06T18:50:56-07:00
0048-1-FRY,0048,1,FRY,STARTED,2026-10-06T18:50:56-07:00
0050-1-PREP,0050,1,PREP,STARTED,2026-10-06T18:50:56-07:00
0048-2-FRY,0048,2,FRY,BUMPED,2026-10-06T18:51:35-07:00
0045-1-FRY,0045,1,FRY,BUMPED,2026-10-06T18:51:42-07:00
0051-1-PREP,0051,1,PREP,FIRED,2026-10-06T18:51:44-07:00
0051-2-FRY,0051,2,FRY,FIRED,2026-10-06T18:51:44-07:00
0051-2-FRY,0051,2,FRY,STARTED,2026-10-06T18:51:44-07:00
0044-0-PASS,0044,0,PASS,BUMPED,2026-10-06T18:51:51-07:00
0045-2-GRILL,0045,2,GRILL,BUMPED,2026-10-06T18:52:08-07:00
0045-0-PASS,0045,0,PASS,FIRED,2026-10-06T18:52:08-07:00
0045-0-PASS,0045,0,PASS,STARTED,2026-10-06T18:52:08-07:00
0049-2-FRY,0049,2,FRY,BUMPED,2026-10-06T18:52:16-07:00
0049-1-PREP,0049,1,PREP,BUMPED,2026-10-06T18:52:20-07:00
0049-1-GRILL,0049,1,GRILL,FIRED,2026-10-06T18:52:20-07:00
0049-1-GRILL,0049,1,GRILL,STARTED,2026-10-06T18:52:20-07:00
0051-1-PREP,0051,1,PREP,STARTED,2026-10-06T18:52:20-07:00
0050-1-PREP,0050,1,PREP,BUMPED,2026-10-06T18:52:34-07:00
0050-1-FRY,0050,1,FRY,FIRED,2026-10-06T18:52:34-07:00
0050-1-FRY,0050,1,FRY,STARTED,2026-10-06T18:52:34-07:00
0050-2-FRY,0050,2,FRY,BUMPED,2026-10-06T18:52:51-07:00
0052-1-PREP,0052,1,PREP,FIRED,2026-10-06T18:53:19-07:00
0052-1-PREP,0052,1,PREP,STARTED,2026-10-06T18:53:19-07:00
0053-1-PREP,0053,1,PREP,FIRED,2026-10-06T18:53:24-07:00
0053-2-FRY,0053,2,FRY,FIRED,2026-10-06T18:53:24-07:00
0053-2-FRY,0053,2,FRY,STARTED,2026-10-06T18:53:24-07:00
0046-2-GRILL,0046,2,GRILL,BUMPED,2026-10-06T18:53:28-07:00
0046-1-GRILL,0046,1,GRILL,BUMPED,2026-10-06T18:53:32-07:00
0046-0-PASS,0046,0,PASS,FIRED,2026-10-06T18:53:32-07:00
0046-0-PASS,0046,0,PASS,STARTED,2026-10-06T18:53:32-07:00
0045-0-PASS,0045,0,PASS,BUMPED,2026-10-06T18:53:36-07:00
0051-1-PREP,0051,1,PREP,BUMPED,2026-10-06T18:53:46-07:00
0051-1-FRY,0051,1,FRY,FIRED,2026-10-06T18:53:46-07:00
0051-1-FRY,0051,1,FRY,STARTED,2026-10-06T18:53:46-07:00
0053-1-PREP,0053,1,PREP,STARTED,2026-10-06T18:53:46-07:00
0054-1-PREP,0054,1,PREP,FIRED,2026-10-06T18:54:34-07:00
0054-2-PREP,0054,2,PREP,FIRED,2026-10-06T18:54:34-07:00
0054-3-FRY,0054,3,FRY,FIRED,2026-10-06T18:54:34-07:00
0051-2-FRY,0051,2,FRY,BUMPED,2026-10-06T18:54:36-07:00
0054-3-FRY,0054,3,FRY,STARTED,2026-10-06T18:54:36-07:00
0052-1-PREP,0052,1,PREP,BUMPED,2026-10-06T18:54:46-07:00
0052-1-FRY,0052,1,FRY,FIRED,2026-10-06T18:54:46-07:00
0054-1-PREP,0054,1,PREP,STARTED,2026-10-06T18:54:46-07:00
0046-0-PASS,0046,0,PASS,BUMPED,2026-10-06T18:55:02-07:00
0047-1-GRILL,0047,1,GRILL,BUMPED,2026-10-06T18:55:06-07:00
0047-0-PASS,0047,0,PASS,FIRED,2026-10-06T18:55:06-07:00
0047-0-PASS,0047,0,PASS,STARTED,2026-10-06T18:55:06-07:00
0053-1-PREP,0053,1,PREP,BUMPED,2026-10-06T18:55:08-07:00
0053-1-FRY,0053,1,FRY,FIRED,2026-10-06T18:55:08-07:00
0054-2-PREP,0054,2,PREP,STARTED,2026-10-06T18:55:08-07:00
0048-1-FRY,0048,1,FRY,BUMPED,2026-10-06T18:55:52-07:00
0048-0-PASS,0048,0,PASS,FIRED,2026-10-06T18:55:52-07:00
0048-0-PASS,0048,0,PASS,STARTED,2026-10-06T18:55:52-07:00
0052-1-FRY,0052,1,FRY,STARTED,2026-10-06T18:55:52-07:00
0054-1-PREP,0054,1,PREP,BUMPED,2026-10-06T18:56:05-07:00
0054-1-GRILL,0054,1,GRILL,FIRED,2026-10-06T18:56:05-07:00
0054-1-GRILL,0054,1,GRILL,STARTED,2026-10-06T18:56:05-07:00
0049-1-GRILL,0049,1,GRILL,BUMPED,2026-10-06T18:56:10-07:00
0049-0-PASS,0049,0,PASS,FIRED,2026-10-06T18:56:10-07:00
0055-1-PREP,0055,1,PREP,FIRED,2026-10-06T18:56:26-07:00
0055-1-PREP,0055,1,PREP,STARTED,2026-10-06T18:56:26-07:00
0047-0-PASS,0047,0,PASS,BUMPED,2026-10-06T18:56:46-07:00
0049-0-PASS,0049,0,PASS,STARTED,2026-10-06T18:56:46-07:00
0054-2-PREP,0054,2,PREP,BUMPED,2026-10-06T18:56:56-07:00
0054-2-FRY,0054,2,FRY,FIRED,2026-10-06T18:56:56-07:00
0050-1-FRY,0050,1,FRY,BUMPED,2026-10-06T18:56:57-07:00
0050-0-PASS,0050,0,PASS,FIRED,2026-10-06T18:56:57-07:00
0053-1-FRY,0053,1,FRY,STARTED,2026-10-06T18:56:57-07:00
0053-2-FRY,0053,2,FRY,BUMPED,2026-10-06T18:57:05-07:00
0054-2-FRY,0054,2,FRY,STARTED,2026-10-06T18:57:05-07:00
0048-0-PASS,0048,0,PASS,BUMPED,2026-10-06T18:57:29-07:00
0050-0-PASS,0050,0,PASS,STARTED,2026-10-06T18:57:29-07:00
0055-1-PREP,0055,1,PREP,BUMPED,2026-10-06T18:57:44-07:00
0055-1-GRILL,0055,1,GRILL,FIRED,2026-10-06T18:57:44-07:00
0055-1-GRILL,0055,1,GRILL,STARTED,2026-10-06T18:57:44-07:00
0054-3-FRY,0054,3,FRY,BUMPED,2026-10-06T18:57:56-07:00
0056-1-PREP,0056,1,PREP,FIRED,2026-10-06T18:57:58-07:00
0056-1-PREP,0056,1,PREP,STARTED,2026-10-06T18:57:58-07:00
0049-0-PASS,0049,0,PASS,BUMPED,2026-10-06T18:58:01-07:00
0057-1-PREP,0057,1,PREP,FIRED,2026-10-06T18:58:26-07:00
0057-2-PREP,0057,2,PREP,FIRED,2026-10-06T18:58:26-07:00
0057-3-FRY,0057,3,FRY,FIRED,2026-10-06T18:58:26-07:00
0057-1-PREP,0057,1,PREP,STARTED,2026-10-06T18:58:26-07:00
0057-3-FRY,0057,3,FRY,STARTED,2026-10-06T18:58:26-07:00
0058-1-PREP,0058,1,PREP,FIRED,2026-10-06T18:58:46-07:00
0058-2-PREP,0058,2,PREP,FIRED,2026-10-06T18:58:46-07:00
0058-3-FRY,0058,3,FRY,FIRED,2026-10-06T18:58:46-07:00
0051-1-FRY,0051,1,FRY,BUMPED,2026-10-06T18:59:13-07:00
0051-0-PASS,0051,0,PASS,FIRED,2026-10-06T18:59:13-07:00
0051-0-PASS,0051,0,PASS,STARTED,2026-10-06T18:59:13-07:00
0058-3-FRY,0058,3,FRY,STARTED,2026-10-06T18:59:13-07:00
0050-0-PASS,0050,0,PASS,BUMPED,2026-10-06T18:59:17-07:00
0059-1-PREP,0059,1,PREP,FIRED,2026-10-06T18:59:19-07:00
0059-2-FRY,0059,2,FRY,FIRED,2026-10-06T18:59:19-07:00
0057-1-PREP,0057,1,PREP,BUMPED,2026-10-06T18:59:46-07:00
0057-1-GRILL,0057,1,GRILL,FIRED,2026-10-06T18:59:46-07:00
0057-1-GRILL,0057,1,GRILL,STARTED,2026-10-06T18:59:46-07:00
0057-2-PREP,0057,2,PREP,STARTED,2026-10-06T18:59:46-07:00
0060-1-PREP,0060,1,PREP,FIRED,2026-10-06T19:00:20-07:00
0060-2-PREP,0060,2,PREP,FIRED,2026-10-06T19:00:20-07:00
0061-1-PREP,0061,1,PREP,FIRED,2026-10-06T19:00:21-07:00
0061-2-FRY,0061,2,FRY,FIRED,2026-10-06T19:00:21-07:00
0054-1-GRILL,0054,1,GRILL,BUMPED,2026-10-06T19:00:41-07:00
0051-0-PASS,0051,0,PASS,BUMPED,2026-10-06T19:00:50-07:00
0056-1-PREP,0056,1,PREP,BUMPED,2026-10-06T19:00:57-07:00
0056-0-PASS,0056,0,PASS,FIRED,2026-10-06T19:00:57-07:00
0056-0-PASS,0056,0,PASS,STARTED,2026-10-06T19:00:57-07:00
0058-1-PREP,0058,1,PREP,STARTED,2026-10-06T19:00:57-07:00
0053-1-FRY,0053,1,FRY,BUMPED,2026-10-06T19:01:02-07:00
0053-0-PASS,0053,0,PASS,FIRED,2026-10-06T19:01:02-07:00
0053-0-PASS,0053,0,PASS,STARTED,2026-10-06T19:01:02-07:00
0059-2-FRY,0059,2,FRY,STARTED,2026-10-06T19:01:02-07:00
0052-1-FRY,0052,1,FRY,BUMPED,2026-10-06T19:01:33-07:00
0052-0-PASS,0052,0,PASS,FIRED,2026-10-06T19:01:33-07:00
0061-2-FRY,0061,2,FRY,STARTED,2026-10-06T19:01:33-07:00
0057-2-PREP,0057,2,PREP,BUMPED,2026-10-06T19:01:36-07:00
0057-2-GRILL,0057,2,GRILL,FIRED,2026-10-06T19:01:36-07:00
0062-1-PREP,0062,1,PREP,FIRED,2026-10-06T19:01:36-07:00
0062-2-FRY,0062,2,FRY,FIRED,2026-10-06T19:01:36-07:00
0057-2-GRILL,0057,2,GRILL,STARTED,2026-10-06T19:01:36-07:00
0058-2-PREP,0058,2,PREP,STARTED,2026-10-06T19:01:36-07:00
0055-1-GRILL,0055,1,GRILL,BUMPED,2026-10-06T19:01:39-07:00
0055-0-PASS,0055,0,PASS,FIRED,2026-10-06T19:01:39-07:00
0057-3-FRY,0057,3,FRY,BUMPED,2026-10-06T19:01:53-07:00
0062-2-FRY,0062,2,FRY,STARTED,2026-10-06T19:01:53-07:00
0058-1-PREP,0058,1,PREP,BUMPED,2026-10-06T19:02:29-07:00
0058-1-GRILL,0058,1,GRILL,FIRED,2026-10-06T19:02:29-07:00
0058-1-GRILL,0058,1,GRILL,STARTED,2026-10-06T19:02:29-07:00
0059-1-PREP,0059,1,PREP,STARTED,2026-10-06T19:02:29-07:00
0053-0-PASS,0053,0,PASS,BUMPED,2026-10-06T19:02:31-07:00
0052-0-PASS,0052,0,PASS,STARTED,2026-10-06T19:02:31-07:00
0056-0-PASS,0056,0,PASS,BUMPED,2026-10-06T19:02:35-07:00
0055-0-PASS,0055,0,PASS,STARTED,2026-10-06T19:02:35-07:00
0058-2-PREP,0058,2,PREP,BUMPED,2026-10-06T19:02:52-07:00
0058-2-FRY,0058,2,FRY,FIRED,2026-10-06T19:02:52-07:00
0060-1-PREP,0060,1,PREP,STARTED,2026-10-06T19:02:52-07:00
0058-3-FRY,0058,3,FRY,BUMPED,2026-10-06T19:03:01-07:00
0058-2-FRY,0058,2,FRY,STARTED,2026-10-06T19:03:01-07:00
0054-2-FRY,0054,2,FRY,BUMPED,2026-10-06T19:03:06-07:00
0054-0-PASS,0054,0,PASS,FIRED,2026-10-06T19:03:06-07:00
0057-1-GRILL,0057,1,GRILL,BUMPED,2026-10-06T19:03:37-07:00
0055-0-PASS,0055,0,PASS,BUMPED,2026-10-06T19:03:48-07:00
0054-0-PASS,0054,0,PASS,STARTED,2026-10-06T19:03:48-07:00
0052-0-PASS,0052,0,PASS,BUMPED,2026-10-06T19:03:53-07:00
0063-1-PREP,0063,1,PREP,FIRED,2026-10-06T19:04:02-07:00
0063-2-FRY,0063,2,FRY,FIRED,2026-10-06T19:04:02-07:00
0063-2-FRY,0063,2,FRY,STARTED,2026-10-06T19:04:02-07:00
0059-2-FRY,0059,2,FRY,BUMPED,2026-10-06T19:04:09-07:00
0060-1-PREP,0060,1,PREP,BUMPED,2026-10-06T19:04:37-07:00
0060-1-FRY,0060,1,FRY,FIRED,2026-10-06T19:04:37-07:00
0060-1-FRY,0060,1,FRY,STARTED,2026-10-06T19:04:37-07:00
0060-2-PREP,0060,2,PREP,STARTED,2026-10-06T19:04:37-07:00
0061-2-FRY,0061,2,FRY,BUMPED,2026-10-06T19:04:51-07:00
0062-2-FRY,0062,2,FRY,BUMPED,2026-10-06T19:04:52-07:00
0064-1-PREP,0064,1,PREP,FIRED,2026-10-06T19:04:56-07:00
0064-2-FRY,0064,2,FRY,FIRED,2026-10-06T19:04:56-07:00
0064-2-FRY,0064,2,FRY,STARTED,2026-10-06T19:04:56-07:00
0057-2-GRILL,0057,2,GRILL,BUMPED,2026-10-06T19:05:00-07:00
0059-1-PREP,0059,1,PREP,BUMPED,2026-10-06T19:05:00-07:00
0057-0-PASS,0057,0,PASS,FIRED,2026-10-06T19:05:00-07:00
0059-0-PASS,0059,0,PASS,FIRED,2026-10-06T19:05:00-07:00
0057-0-PASS,0057,0,PASS,STARTED,2026-10-06T19:05:00-07:00
0061-1-PREP,0061,1,PREP,STARTED,2026-10-06T19:05:00-07:00
0065-1-PREP,0065,1,PREP,FIRED,2026-10-06T19:05:04-07:00
0065-2-FRY,0065,2,FRY,FIRED,2026-10-06T19:05:04-07:00
0065-2-FRY,0065,2,FRY,STARTED,2026-10-06T19:05:04-07:00
0054-0-PASS,0054,0,PASS,BUMPED,2026-10-06T19:05:20-07:00
0059-0-PASS,0059,0,PASS,STARTED,2026-10-06T19:05:20-07:00
0066-1-PREP,0066,1,PREP,FIRED,2026-10-06T19:05:33-07:00
0066-2-FRY,0066,2,FRY,FIRED,2026-10-06T19:05:33-07:00
0060-2-PREP,0060,2,PREP,BUMPED,2026-10-06T19:05:55-07:00
0060-2-GRILL,0060,2,GRILL,FIRED,2026-10-06T19:05:55-07:00
0060-2-GRILL,0060,2,GRILL,STARTED,2026-10-06T19:05:55-07:00
0062-1-PREP,0062,1,PREP,STARTED,2026-10-06T19:05:55-07:00
0058-1-GRILL,0058,1,GRILL,BUMPED,2026-10-06T19:06:10-07:00
0057-0-PASS,0057,0,PASS,BUMPED,2026-10-06T19:06:20-07:00
0059-0-PASS,0059,0,PASS,BUMPED,2026-10-06T19:06:54-07:00
0062-1-PREP,0062,1,PREP,BUMPED,2026-10-06T19:07:16-07:00
0062-1-GRILL,0062,1,GRILL,FIRED,2026-10-06T19:07:16-07:00
0062-1-GRILL,0062,1,GRILL,STARTED,2026-10-06T19:07:16-07:00
0063-1-PREP,0063,1,PREP,STARTED,2026-10-06T19:07:16-07:00
0067-1-PREP,0067,1,PREP,FIRED,2026-10-06T19:07:24-07:00
0067-2-PREP,0067,2,PREP,FIRED,2026-10-06T19:07:24-07:00
0067-3-FRY,0067,3,FRY,FIRED,2026-10-06T19:07:24-07:00
0068-1-PREP,0068,1,PREP,FIRED,2026-10-06T19:07:43-07:00
0068-2-PREP,0068,2,PREP,FIRED,2026-10-06T19:07:43-07:00
0068-3-FRY,0068,3,FRY,FIRED,2026-10-06T19:07:43-07:00
0058-2-FRY,0058,2,FRY,BUMPED,2026-10-06T19:07:45-07:00
0058-0-PASS,0058,0,PASS,FIRED,2026-10-06T19:07:45-07:00
0058-0-PASS,0058,0,PASS,STARTED,2026-10-06T19:07:45-07:00
0066-2-FRY,0066,2,FRY,STARTED,2026-10-06T19:07:45-07:00
0063-2-FRY,0063,2,FRY,BUMPED,2026-10-06T19:07:48-07:00
0067-3-FRY,0067,3,FRY,STARTED,2026-10-06T19:07:48-07:00
0065-2-FRY,0065,2,FRY,BUMPED,2026-10-06T19:07:56-07:00
0068-3-FRY,0068,3,FRY,STARTED,2026-10-06T19:07:56-07:00
0061-1-PREP,0061,1,PREP,BUMPED,2026-10-06T19:08:02-07:00
0061-0-PASS,0061,0,PASS,FIRED,2026-10-06T19:08:02-07:00
0061-0-PASS,0061,0,PASS,STARTED,2026-10-06T19:08:02-07:00
0064-1-PREP,0064,1,PREP,STARTED,2026-10-06T19:08:02-07:00
0063-1-PREP,0063,1,PREP,BUMPED,2026-10-06T19:08:54-07:00
0063-1-GRILL,0063,1,GRILL,FIRED,2026-10-06T19:08:54-07:00
0063-1-GRILL,0063,1,GRILL,STARTED,2026-10-06T19:08:54-07:00
0065-1-PREP,0065,1,PREP,STARTED,2026-10-06T19:08:54-07:00
0064-2-FRY,0064,2,FRY,BUMPED,2026-10-06T19:09:17-07:00
0058-0-PASS,0058,0,PASS,BUMPED,2026-10-06T19:09:20-07:00
0069-1-PREP,0069,1,PREP,FIRED,2026-10-06T19:09:33-07:00
0069-2-FRY,0069,2,FRY,FIRED,2026-10-06T19:09:33-07:00
0069-2-FRY,0069,2,FRY,STARTED,2026-10-06T19:09:33-07:00
0064-1-PREP,0064,1,PREP,BUMPED,2026-10-06T19:09:42-07:00
0064-1-GRILL,0064,1,GRILL,FIRED,2026-10-06T19:09:42-07:00
0064-1-GRILL,0064,1,GRILL,STARTED,2026-10-06T19:09:42-07:00
0066-1-PREP,0066,1,PREP,STARTED,2026-10-06T19:09:42-07:00
0061-0-PASS,0061,0,PASS,BUMPED,2026-10-06T19:09:43-07:00
0060-1-FRY,0060,1,FRY,BUMPED,2026-10-06T19:10:28-07:00
0060-2-GRILL,0060,2,GRILL,BUMPED,2026-10-06T19:10:45-07:00
0060-0-PASS,0060,0,PASS,FIRED,2026-10-06T19:10:45-07:00
0060-0-PASS,0060,0,PASS,STARTED,2026-10-06T19:10:45-07:00
0070-1-PREP,0070,1,PREP,FIRED,2026-10-06T19:11:12-07:00
0070-2-FRY,0070,2,FRY,FIRED,2026-10-06T19:11:12-07:00
0070-2-FRY,0070,2,FRY,STARTED,2026-10-06T19:11:12-07:00
0062-1-GRILL,0062,1,GRILL,BUMPED,2026-10-06T19:11:30-07:00
0066-1-PREP,0066,1,PREP,BUMPED,2026-10-06T19:11:30-07:00
0062-0-PASS,0062,0,PASS,FIRED,2026-10-06T19:11:30-07:00
0066-1-GRILL,0066,1,GRILL,FIRED,2026-10-06T19:11:30-07:00
0062-0-PASS,0062,0,PASS,STARTED,2026-10-06T19:11:30-07:00
0066-1-GRILL,0066,1,GRILL,STARTED,2026-10-06T19:11:30-07:00
0067-1-PREP,0067,1,PREP,STARTED,2026-10-06T19:11:30-07:00
0067-3-FRY,0067,3,FRY,BUMPED,2026-10-06T19:11:37-07:00
0065-1-PREP,0065,1,PREP,BUMPED,2026-10-06T19:11:49-07:00
0065-0-PASS,0065,0,PASS,FIRED,2026-10-06T19:11:49-07:00
0067-2-PREP,0067,2,PREP,STARTED,2026-10-06T19:11:49-07:00
0068-3-FRY,0068,3,FRY,BUMPED,2026-10-06T19:12:03-07:00
0066-2-FRY,0066,2,FRY,BUMPED,2026-10-06T19:12:05-07:00
0060-0-PASS,0060,0,PASS,BUMPED,2026-10-06T19:12:15-07:00
0065-0-PASS,0065,0,PASS,STARTED,2026-10-06T19:12:15-07:00
0062-0-PASS,0062,0,PASS,BUMPED,2026-10-06T19:12:46-07:00
0067-1-PREP,0067,1,PREP,BUMPED,2026-10-06T19:12:46-07:00
0067-1-GRILL,0067,1,GRILL,FIRED,2026-10-06T19:12:46-07:00
0067-1-GRILL,0067,1,GRILL,STARTED,2026-10-06T19:12:46-07:00
0068-1-PREP,0068,1,PREP,STARTED,2026-10-06T19:12:46-07:00
0071-1-PREP,0071,1,PREP,FIRED,2026-10-06T19:12:56-07:00
0069-2-FRY,0069,2,FRY,BUMPED,2026-10-06T19:13:03-07:00
0067-2-PREP,0067,2,PREP,BUMPED,2026-10-06T19:13:11-07:00
0067-2-FRY,0067,2,FRY,FIRED,2026-10-06T19:13:11-07:00
0067-2-FRY,0067,2,FRY,STARTED,2026-10-06T19:13:11-07:00
0068-2-PREP,0068,2,PREP,STARTED,2026-10-06T19:13:11-07:00
0064-1-GRILL,0064,1,GRILL,BUMPED,2026-10-06T19:13:35-07:00
0064-0-PASS,0064,0,PASS,FIRED,2026-10-06T19:13:35-07:00
0064-0-PASS,0064,0,PASS,STARTED,2026-10-06T19:13:35-07:00
0063-1-GRILL,0063,1,GRILL,BUMPED,2026-10-06T19:13:38-07:00
0063-0-PASS,0063,0,PASS,FIRED,2026-10-06T19:13:38-07:00
0065-0-PASS,0065,0,PASS,BUMPED,2026-10-06T19:13:42-07:00
0063-0-PASS,0063,0,PASS,STARTED,2026-10-06T19:13:42-07:00
0072-1-PREP,0072,1,PREP,FIRED,2026-10-06T19:13:54-07:00
0072-2-FRY,0072,2,FRY,FIRED,2026-10-06T19:13:54-07:00
0072-2-FRY,0072,2,FRY,STARTED,2026-10-06T19:13:54-07:00
0063-0-PASS,0063,0,PASS,BUMPED,2026-10-06T19:14:57-07:00
0064-0-PASS,0064,0,PASS,BUMPED,2026-10-06T19:15:11-07:00
0068-2-PREP,0068,2,PREP,BUMPED,2026-10-06T19:15:15-07:00
0069-1-PREP,0069,1,PREP,STARTED,2026-10-06T19:15:15-07:00
0068-1-PREP,0068,1,PREP,BUMPED,2026-10-06T19:15:18-07:00
0068-0-PASS,0068,0,PASS,FIRED,2026-10-06T19:15:18-07:00
0068-0-PASS,0068,0,PASS,STARTED,2026-10-06T19:15:18-07:00
0070-1-PREP,0070,1,PREP,STARTED,2026-10-06T19:15:18-07:00
0070-2-FRY,0070,2,FRY,BUMPED,2026-10-06T19:15:22-07:00
0066-1-GRILL,0066,1,GRILL,BUMPED,2026-10-06T19:15:31-07:00
0066-0-PASS,0066,0,PASS,FIRED,2026-10-06T19:15:31-07:00
0066-0-PASS,0066,0,PASS,STARTED,2026-10-06T19:15:31-07:00
0073-1-PREP,0073,1,PREP,FIRED,2026-10-06T19:15:35-07:00
0073-2-PREP,0073,2,PREP,FIRED,2026-10-06T19:15:35-07:00
0074-1-PREP,0074,1,PREP,FIRED,2026-10-06T19:15:36-07:00
0074-2-PREP,0074,2,PREP,FIRED,2026-10-06T19:15:36-07:00
0067-1-GRILL,0067,1,GRILL,BUMPED,2026-10-06T19:16:49-07:00
0068-0-PASS,0068,0,PASS,BUMPED,2026-10-06T19:16:53-07:00
0070-1-PREP,0070,1,PREP,BUMPED,2026-10-06T19:16:54-07:00
0070-1-FRY,0070,1,FRY,FIRED,2026-10-06T19:16:54-07:00
0070-1-FRY,0070,1,FRY,STARTED,2026-10-06T19:16:54-07:00
0071-1-PREP,0071,1,PREP,STARTED,2026-10-06T19:16:54-07:00
0069-1-PREP,0069,1,PREP,BUMPED,2026-10-06T19:17:06-07:00
0069-1-GRILL,0069,1,GRILL,FIRED,2026-10-06T19:17:06-07:00
0069-1-GRILL,0069,1,GRILL,STARTED,2026-10-06T19:17:06-07:00
0072-1-PREP,0072,1,PREP,STARTED,2026-10-06T19:17:06-07:00
0066-0-PASS,0066,0,PASS,BUMPED,2026-10-06T19:17:18-07:00
0072-2-FRY,0072,2,FRY,BUMPED,2026-10-06T19:17:58-07:00
0067-2-FRY,0067,2,FRY,BUMPED,2026-10-06T19:18:24-07:00
0067-0-PASS,0067,0,PASS,FIRED,2026-10-06T19:18:24-07:00
0067-0-PASS,0067,0,PASS,STARTED,2026-10-06T19:18:24-07:00
0071-1-PREP,0071,1,PREP,BUMPED,2026-10-06T19:18:27-07:00
0071-1-GRILL,0071,1,GRILL,FIRED,2026-10-06T19:18:27-07:00
0071-1-GRILL,0071,1,GRILL,STARTED,2026-10-06T19:18:27-07:00
0073-1-PREP,0073,1,PREP,STARTED,2026-10-06T19:18:27-07:00
0072-1-PREP,0072,1,PREP,BUMPED,2026-10-06T19:18:44-07:00
0072-1-GRILL,0072,1,GRILL,FIRED,2026-10-06T19:18:44-07:00
0072-1-GRILL,0072,1,GRILL,STARTED,2026-10-06T19:18:44-07:00
0073-2-PREP,0073,2,PREP,STARTED,2026-10-06T19:18:44-07:00
0075-1-PREP,0075,1,PREP,FIRED,2026-10-06T19:19:28-07:00
0067-0-PASS,0067,0,PASS,BUMPED,2026-10-06T19:19:43-07:00
0076-1-PREP,0076,1,PREP,FIRED,2026-10-06T19:20:05-07:00
0076-2-FRY,0076,2,FRY,FIRED,2026-10-06T19:20:05-07:00
0076-2-FRY,0076,2,FRY,STARTED,2026-10-06T19:20:05-07:00
0077-1-PREP,0077,1,PREP,FIRED,2026-10-06T19:20:25-07:00
0073-2-PREP,0073,2,PREP,BUMPED,2026-10-06T19:20:27-07:00
0073-2-GRILL,0073,2,GRILL,FIRED,2026-10-06T19:20:27-07:00
0073-2-GRILL,0073,2,GRILL,STARTED,2026-10-06T19:20:27-07:00
0074-1-PREP,0074,1,PREP,STARTED,2026-10-06T19:20:27-07:00
0073-1-PREP,0073,1,PREP,BUMPED,2026-10-06T19:20:44-07:00
0074-2-PREP,0074,2,PREP,STARTED,2026-10-06T19:20:44-07:00
0069-1-GRILL,0069,1,GRILL,BUMPED,2026-10-06T19:21:59-07:00
0072-1-GRILL,0072,1,GRILL,BUMPED,2026-10-06T19:21:59-07:00
0069-0-PASS,0069,0,PASS,FIRED,2026-10-06T19:21:59-07:00
0072-0-PASS,0072,0,PASS,FIRED,2026-10-06T19:21:59-07:00
0069-0-PASS,0069,0,PASS,STARTED,2026-10-06T19:21:59-07:00
0072-0-PASS,0072,0,PASS,STARTED,2026-10-06T19:21:59-07:00
0074-2-PREP,0074,2,PREP,BUMPED,2026-10-06T19:22:04-07:00
0074-2-FRY,0074,2,FRY,FIRED,2026-10-06T19:22:04-07:00
0074-2-FRY,0074,2,FRY,STARTED,2026-10-06T19:22:04-07:00
0075-1-PREP,0075,1,PREP,STARTED,2026-10-06T19:22:04-07:00
0071-1-GRILL,0071,1,GRILL,BUMPED,2026-10-06T19:22:33-07:00
0071-0-PASS,0071,0,PASS,FIRED,2026-10-06T19:22:33-07:00
0070-1-FRY,0070,1,FRY,BUMPED,2026-10-06T19:22:34-07:00
0070-0-PASS,0070,0,PASS,FIRED,2026-10-06T19:22:34-07:00
0074-1-PREP,0074,1,PREP,BUMPED,2026-10-06T19:22:39-07:00
0076-1-PREP,0076,1,PREP,STARTED,2026-10-06T19:22:39-07:00
0069-0-PASS,0069,0,PASS,BUMPED,2026-10-06T19:23:13-07:00
0071-0-PASS,0071,0,PASS,STARTED,2026-10-06T19:23:13-07:00
0072-0-PASS,0072,0,PASS,BUMPED,2026-10-06T19:23:20-07:00
0070-0-PASS,0070,0,PASS,STARTED,2026-10-06T19:23:20-07:00
0075-1-PREP,0075,1,PREP,BUMPED,2026-10-06T19:23:22-07:00
0075-1-GRILL,0075,1,GRILL,FIRED,2026-10-06T19:23:22-07:00
0075-1-GRILL,0075,1,GRILL,STARTED,2026-10-06T19:23:22-07:00
0077-1-PREP,0077,1,PREP,STARTED,2026-10-06T19:23:22-07:00
0078-1-PREP,0078,1,PREP,FIRED,2026-10-06T19:23:37-07:00
0078-2-FRY,0078,2,FRY,FIRED,2026-10-06T19:23:37-07:00
0078-2-FRY,0078,2,FRY,STARTED,2026-10-06T19:23:37-07:00
0076-2-FRY,0076,2,FRY,BUMPED,2026-10-06T19:23:47-07:00
0073-2-GRILL,0073,2,GRILL,BUMPED,2026-10-06T19:24:08-07:00
0076-1-PREP,0076,1,PREP,BUMPED,2026-10-06T19:24:08-07:00
0073-0-PASS,0073,0,PASS,FIRED,2026-10-06T19:24:08-07:00
0076-1-FRY,0076,1,FRY,FIRED,2026-10-06T19:24:08-07:00
0076-1-FRY,0076,1,FRY,STARTED,2026-10-06T19:24:08-07:00
0078-1-PREP,0078,1,PREP,STARTED,2026-10-06T19:24:08-07:00
0071-0-PASS,0071,0,PASS,BUMPED,2026-10-06T19:24:25-07:00
0073-0-PASS,0073,0,PASS,STARTED,2026-10-06T19:24:25-07:00
0070-0-PASS,0070,0,PASS,BUMPED,2026-10-06T19:24:58-07:00
0079-1-PREP,0079,1,PREP,FIRED,2026-10-06T19:25:28-07:00
0079-2-FRY,0079,2,FRY,FIRED,2026-10-06T19:25:28-07:00
0079-2-FRY,0079,2,FRY,STARTED,2026-10-06T19:25:28-07:00
0073-0-PASS,0073,0,PASS,BUMPED,2026-10-06T19:25:56-07:00
0077-1-PREP,0077,1,PREP,BUMPED,2026-10-06T19:26:14-07:00
0077-0-PASS,0077,0,PASS,FIRED,2026-10-06T19:26:14-07:00
0077-0-PASS,0077,0,PASS,STARTED,2026-10-06T19:26:14-07:00
0079-1-PREP,0079,1,PREP,STARTED,2026-10-06T19:26:14-07:00
0080-1-PREP,0080,1,PREP,FIRED,2026-10-06T19:26:22-07:00
0080-2-FRY,0080,2,FRY,FIRED,2026-10-06T19:26:22-07:00
0080-2-FRY,0080,2,FRY,STARTED,2026-10-06T19:26:22-07:00
0074-2-FRY,0074,2,FRY,BUMPED,2026-10-06T19:26:23-07:00
0074-0-PASS,0074,0,PASS,FIRED,2026-10-06T19:26:23-07:00
0074-0-PASS,0074,0,PASS,STARTED,2026-10-06T19:26:23-07:00
0078-1-PREP,0078,1,PREP,BUMPED,2026-10-06T19:27:10-07:00
0080-1-PREP,0080,1,PREP,STARTED,2026-10-06T19:27:10-07:00
0075-1-GRILL,0075,1,GRILL,BUMPED,2026-10-06T19:27:34-07:00
0075-0-PASS,0075,0,PASS,FIRED,2026-10-06T19:27:34-07:00
0079-1-PREP,0079,1,PREP,BUMPED,2026-10-06T19:27:35-07:00
0079-1-GRILL,0079,1,GRILL,FIRED,2026-10-06T19:27:35-07:00
0079-1-GRILL,0079,1,GRILL,STARTED,2026-10-06T19:27:35-07:00
0081-1-PREP,0081,1,PREP,FIRED,2026-10-06T19:27:37-07:00
0081-1-PREP,0081,1,PREP,STARTED,2026-10-06T19:27:37-07:00
0074-0-PASS,0074,0,PASS,BUMPED,2026-10-06T19:27:43-07:00
0075-0-PASS,0075,0,PASS,STARTED,2026-10-06T19:27:43-07:00
0078-2-FRY,0078,2,FRY,BUMPED,2026-10-06T19:27:58-07:00
0078-0-PASS,0078,0,PASS,FIRED,2026-10-06T19:27:58-07:00
0077-0-PASS,0077,0,PASS,BUMPED,2026-10-06T19:28:03-07:00
0078-0-PASS,0078,0,PASS,STARTED,2026-10-06T19:28:03-07:00
0082-1-PREP,0082,1,PREP,FIRED,2026-10-06T19:28:16-07:00
0076-1-FRY,0076,1,FRY,BUMPED,2026-10-06T19:28:19-07:00
0076-0-PASS,0076,0,PASS,FIRED,2026-10-06T19:28:19-07:00
0080-1-PREP,0080,1,PREP,BUMPED,2026-10-06T19:28:41-07:00
0080-1-GRILL,0080,1,GRILL,FIRED,2026-10-06T19:28:41-07:00
0080-1-GRILL,0080,1,GRILL,STARTED,2026-10-06T19:28:41-07:00
0082-1-PREP,0082,1,PREP,STARTED,2026-10-06T19:28:41-07:00
0081-1-PREP,0081,1,PREP,BUMPED,2026-10-06T19:28:49-07:00
0081-1-GRILL,0081,1,GRILL,FIRED,2026-10-06T19:28:49-07:00
0081-1-GRILL,0081,1,GRILL,STARTED,2026-10-06T19:28:49-07:00
0079-2-FRY,0079,2,FRY,BUMPED,2026-10-06T19:29:16-07:00
0080-2-FRY,0080,2,FRY,BUMPED,2026-10-06T19:29:18-07:00
0075-0-PASS,0075,0,PASS,BUMPED,2026-10-06T19:29:25-07:00
0076-0-PASS,0076,0,PASS,STARTED,2026-10-06T19:29:25-07:00
0078-0-PASS,0078,0,PASS,BUMPED,2026-10-06T19:29:36-07:00
0083-1-PREP,0083,1,PREP,FIRED,2026-10-06T19:30:06-07:00
0083-2-FRY,0083,2,FRY,FIRED,2026-10-06T19:30:06-07:00
0083-1-PREP,0083,1,PREP,STARTED,2026-10-06T19:30:06-07:00
0083-2-FRY,0083,2,FRY,STARTED,2026-10-06T19:30:06-07:00
0082-1-PREP,0082,1,PREP,BUMPED,2026-10-06T19:30:22-07:00
0082-1-FRY,0082,1,FRY,FIRED,2026-10-06T19:30:22-07:00
0082-1-FRY,0082,1,FRY,STARTED,2026-10-06T19:30:22-07:00
0076-0-PASS,0076,0,PASS,BUMPED,2026-10-06T19:31:10-07:00
0084-1-PREP,0084,1,PREP,FIRED,2026-10-06T19:31:33-07:00
0084-2-FRY,0084,2,FRY,FIRED,2026-10-06T19:31:33-07:00
0084-1-PREP,0084,1,PREP,STARTED,2026-10-06T19:31:33-07:00
0084-2-FRY,0084,2,FRY,STARTED,2026-10-06T19:31:33-07:00
0083-1-PREP,0083,1,PREP,BUMPED,2026-10-06T19:31:50-07:00
0083-1-GRILL,0083,1,GRILL,FIRED,2026-10-06T19:31:50-07:00
0083-1-GRILL,0083,1,GRILL,STARTED,2026-10-06T19:31:50-07:00
0079-1-GRILL,0079,1,GRILL,BUMPED,2026-10-06T19:31:51-07:00
0079-0-PASS,0079,0,PASS,FIRED,2026-10-06T19:31:51-07:00
0079-0-PASS,0079,0,PASS,STARTED,2026-10-06T19:31:51-07:00
0085-1-PREP,0085,1,PREP,FIRED,2026-10-06T19:33:02-07:00
0085-2-FRY,0085,2,FRY,FIRED,2026-10-06T19:33:02-07:00
0085-1-PREP,0085,1,PREP,STARTED,2026-10-06T19:33:02-07:00
0079-0-PASS,0079,0,PASS,BUMPED,2026-10-06T19:33:05-07:00
0083-2-FRY,0083,2,FRY,BUMPED,2026-10-06T19:33:12-07:00
0085-2-FRY,0085,2,FRY,STARTED,2026-10-06T19:33:12-07:00
0081-1-GRILL,0081,1,GRILL,BUMPED,2026-10-06T19:33:17-07:00
0081-0-PASS,0081,0,PASS,FIRED,2026-10-06T19:33:17-07:00
0081-0-PASS,0081,0,PASS,STARTED,2026-10-06T19:33:17-07:00
0084-1-PREP,0084,1,PREP,BUMPED,2026-10-06T19:33:20-07:00
0084-1-GRILL,0084,1,GRILL,FIRED,2026-10-06T19:33:20-07:00
0084-1-GRILL,0084,1,GRILL,STARTED,2026-10-06T19:33:20-07:00
0080-1-GRILL,0080,1,GRILL,BUMPED,2026-10-06T19:33:33-07:00
0080-0-PASS,0080,0,PASS,FIRED,2026-10-06T19:33:33-07:00
0080-0-PASS,0080,0,PASS,STARTED,2026-10-06T19:33:33-07:00
0085-1-PREP,0085,1,PREP,BUMPED,2026-10-06T19:34:18-07:00
0085-1-GRILL,0085,1,GRILL,FIRED,2026-10-06T19:34:18-07:00
0085-1-GRILL,0085,1,GRILL,STARTED,2026-10-06T19:34:18-07:00
0086-1-PREP,0086,1,PREP,FIRED,2026-10-06T19:34:49-07:00
0086-1-PREP,0086,1,PREP,STARTED,2026-10-06T19:34:49-07:00
0080-0-PASS,0080,0,PASS,BUMPED,2026-10-06T19:34:52-07:00
0081-0-PASS,0081,0,PASS,BUMPED,2026-10-06T19:34:53-07:00
0087-1-PREP,0087,1,PREP,FIRED,2026-10-06T19:35:23-07:00
0087-2-FRY,0087,2,FRY,FIRED,2026-10-06T19:35:23-07:00
0087-1-PREP,0087,1,PREP,STARTED,2026-10-06T19:35:23-07:00
0083-1-GRILL,0083,1,GRILL,BUMPED,2026-10-06T19:35:26-07:00
0083-0-PASS,0083,0,PASS,FIRED,2026-10-06T19:35:26-07:00
0083-0-PASS,0083,0,PASS,STARTED,2026-10-06T19:35:26-07:00
0082-1-FRY,0082,1,FRY,BUMPED,2026-10-06T19:35:43-07:00
0082-0-PASS,0082,0,PASS,FIRED,2026-10-06T19:35:43-07:00
0082-0-PASS,0082,0,PASS,STARTED,2026-10-06T19:35:43-07:00
0087-2-FRY,0087,2,FRY,STARTED,2026-10-06T19:35:43-07:00
0084-2-FRY,0084,2,FRY,BUMPED,2026-10-06T19:35:51-07:00
0085-2-FRY,0085,2,FRY,BUMPED,2026-10-06T19:36:08-07:00
0086-1-PREP,0086,1,PREP,BUMPED,2026-10-06T19:36:08-07:00
0086-1-GRILL,0086,1,GRILL,FIRED,2026-10-06T19:36:08-07:00
0086-1-GRILL,0086,1,GRILL,STARTED,2026-10-06T19:36:08-07:00
0087-1-PREP,0087,1,PREP,BUMPED,2026-10-06T19:36:41-07:00
0087-1-FRY,0087,1,FRY,FIRED,2026-10-06T19:36:41-07:00
0087-1-FRY,0087,1,FRY,STARTED,2026-10-06T19:36:41-07:00
0088-1-PREP,0088,1,PREP,FIRED,2026-10-06T19:36:46-07:00
0088-2-FRY,0088,2,FRY,FIRED,2026-10-06T19:36:46-07:00
0088-1-PREP,0088,1,PREP,STARTED,2026-10-06T19:36:46-07:00
0088-2-FRY,0088,2,FRY,STARTED,2026-10-06T19:36:46-07:00
0083-0-PASS,0083,0,PASS,BUMPED,2026-10-06T19:36:50-07:00
0082-0-PASS,0082,0,PASS,BUMPED,2026-10-06T19:37:02-07:00
0084-1-GRILL,0084,1,GRILL,BUMPED,2026-10-06T19:37:38-07:00
0084-0-PASS,0084,0,PASS,FIRED,2026-10-06T19:37:38-07:00
0084-0-PASS,0084,0,PASS,STARTED,2026-10-06T19:37:38-07:00
0089-1-PREP,0089,1,PREP,FIRED,2026-10-06T19:37:55-07:00
0089-1-PREP,0089,1,PREP,STARTED,2026-10-06T19:37:55-07:00
0085-1-GRILL,0085,1,GRILL,BUMPED,2026-10-06T19:38:12-07:00
0085-0-PASS,0085,0,PASS,FIRED,2026-10-06T19:38:12-07:00
0085-0-PASS,0085,0,PASS,STARTED,2026-10-06T19:38:12-07:00
0088-1-PREP,0088,1,PREP,BUMPED,2026-10-06T19:38:30-07:00
0088-1-GRILL,0088,1,GRILL,FIRED,2026-10-06T19:38:30-07:00
0088-1-GRILL,0088,1,GRILL,STARTED,2026-10-06T19:38:30-07:00
0084-0-PASS,0084,0,PASS,BUMPED,2026-10-06T19:39:19-07:00
0085-0-PASS,0085,0,PASS,BUMPED,2026-10-06T19:39:27-07:00
0087-2-FRY,0087,2,FRY,BUMPED,2026-10-06T19:39:28-07:00
0089-1-PREP,0089,1,PREP,BUMPED,2026-10-06T19:39:29-07:00
0089-1-FRY,0089,1,FRY,FIRED,2026-10-06T19:39:29-07:00
0089-1-FRY,0089,1,FRY,STARTED,2026-10-06T19:39:29-07:00
0090-1-PREP,0090,1,PREP,FIRED,2026-10-06T19:39:52-07:00
0090-2-FRY,0090,2,FRY,FIRED,2026-10-06T19:39:52-07:00
0090-1-PREP,0090,1,PREP,STARTED,2026-10-06T19:39:52-07:00
0086-1-GRILL,0086,1,GRILL,BUMPED,2026-10-06T19:39:55-07:00
0086-0-PASS,0086,0,PASS,FIRED,2026-10-06T19:39:55-07:00
0086-0-PASS,0086,0,PASS,STARTED,2026-10-06T19:39:55-07:00
0091-1-PREP,0091,1,PREP,FIRED,2026-10-06T19:40:11-07:00
0091-2-FRY,0091,2,FRY,FIRED,2026-10-06T19:40:11-07:00
0091-1-PREP,0091,1,PREP,STARTED,2026-10-06T19:40:11-07:00
0092-1-PREP,0092,1,PREP,FIRED,2026-10-06T19:40:12-07:00
0092-1-PREP,0092,1,PREP,STARTED,2026-10-06T19:40:12-07:00
0093-1-PREP,0093,1,PREP,FIRED,2026-10-06T19:40:46-07:00
0093-1-PREP,0093,1,PREP,STARTED,2026-10-06T19:40:46-07:00
0087-1-FRY,0087,1,FRY,BUMPED,2026-10-06T19:41:00-07:00
0087-0-PASS,0087,0,PASS,FIRED,2026-10-06T19:41:00-07:00
0087-0-PASS,0087,0,PASS,STARTED,2026-10-06T19:41:00-07:00
0090-2-FRY,0090,2,FRY,STARTED,2026-10-06T19:41:00-07:00
0088-2-FRY,0088,2,FRY,BUMPED,2026-10-06T19:41:07-07:00
0091-2-FRY,0091,2,FRY,STARTED,2026-10-06T19:41:07-07:00
0090-1-PREP,0090,1,PREP,BUMPED,2026-10-06T19:41:11-07:00
0090-1-GRILL,0090,1,GRILL,FIRED,2026-10-06T19:41:11-07:00
0090-1-GRILL,0090,1,GRILL,STARTED,2026-10-06T19:41:11-07:00
0086-0-PASS,0086,0,PASS,BUMPED,2026-10-06T19:41:19-07:00
0092-1-PREP,0092,1,PREP,BUMPED,2026-10-06T19:41:39-07:00
0092-1-GRILL,0092,1,GRILL,FIRED,2026-10-06T19:41:39-07:00
0092-1-GRILL,0092,1,GRILL,STARTED,2026-10-06T19:41:39-07:00
0091-1-PREP,0091,1,PREP,BUMPED,2026-10-06T19:41:49-07:00
0091-1-GRILL,0091,1,GRILL,FIRED,2026-10-06T19:41:49-07:00
0091-1-GRILL,0091,1,GRILL,STARTED,2026-10-06T19:41:49-07:00
0087-0-PASS,0087,0,PASS,BUMPED,2026-10-06T19:42:40-07:00
0093-1-PREP,0093,1,PREP,BUMPED,2026-10-06T19:42:51-07:00
0093-0-PASS,0093,0,PASS,FIRED,2026-10-06T19:42:51-07:00
0093-0-PASS,0093,0,PASS,STARTED,2026-10-06T19:42:51-07:00
0088-1-GRILL,0088,1,GRILL,BUMPED,2026-10-06T19:43:28-07:00
0088-0-PASS,0088,0,PASS,FIRED,2026-10-06T19:43:28-07:00
0088-0-PASS,0088,0,PASS,STARTED,2026-10-06T19:43:28-07:00
0094-1-PREP,0094,1,PREP,FIRED,2026-10-06T19:44:15-07:00
0094-2-FRY,0094,2,FRY,FIRED,2026-10-06T19:44:15-07:00
0094-1-PREP,0094,1,PREP,STARTED,2026-10-06T19:44:15-07:00
0090-2-FRY,0090,2,FRY,BUMPED,2026-10-06T19:44:34-07:00
0094-2-FRY,0094,2,FRY,STARTED,2026-10-06T19:44:34-07:00
0093-0-PASS,0093,0,PASS,BUMPED,2026-10-06T19:44:40-07:00
0091-2-FRY,0091,2,FRY,BUMPED,2026-10-06T19:44:44-07:00
0092-1-GRILL,0092,1,GRILL,BUMPED,2026-10-06T19:44:53-07:00
0092-0-PASS,0092,0,PASS,FIRED,2026-10-06T19:44:53-07:00
0092-0-PASS,0092,0,PASS,STARTED,2026-10-06T19:44:53-07:00
0088-0-PASS,0088,0,PASS,BUMPED,2026-10-06T19:45:02-07:00
0090-1-GRILL,0090,1,GRILL,BUMPED,2026-10-06T19:45:22-07:00
0090-0-PASS,0090,0,PASS,FIRED,2026-10-06T19:45:22-07:00
0090-0-PASS,0090,0,PASS,STARTED,2026-10-06T19:45:22-07:00
0089-1-FRY,0089,1,FRY,BUMPED,2026-10-06T19:45:43-07:00
0089-0-PASS,0089,0,PASS,FIRED,2026-10-06T19:45:43-07:00
0091-1-GRILL,0091,1,GRILL,BUMPED,2026-10-06T19:45:59-07:00
0091-0-PASS,0091,0,PASS,FIRED,2026-10-06T19:45:59-07:00
0094-1-PREP,0094,1,PREP,BUMPED,2026-10-06T19:46:07-07:00
0094-1-FRY,0094,1,FRY,FIRED,2026-10-06T19:46:07-07:00
0094-1-FRY,0094,1,FRY,STARTED,2026-10-06T19:46:07-07:00
0092-0-PASS,0092,0,PASS,BUMPED,2026-10-06T19:46:12-07:00
0089-0-PASS,0089,0,PASS,STARTED,2026-10-06T19:46:12-07:00
0095-1-PREP,0095,1,PREP,FIRED,2026-10-06T19:46:22-07:00
0095-2-PREP,0095,2,PREP,FIRED,2026-10-06T19:46:22-07:00
0095-3-FRY,0095,3,FRY,FIRED,2026-10-06T19:46:22-07:00
0095-1-PREP,0095,1,PREP,STARTED,2026-10-06T19:46:22-07:00
0095-2-PREP,0095,2,PREP,STARTED,2026-10-06T19:46:22-07:00
0095-3-FRY,0095,3,FRY,STARTED,2026-10-06T19:46:22-07:00
0096-1-PREP,0096,1,PREP,FIRED,2026-10-06T19:46:47-07:00
0096-2-FRY,0096,2,FRY,FIRED,2026-10-06T19:46:47-07:00
0096-1-PREP,0096,1,PREP,STARTED,2026-10-06T19:46:47-07:00
0090-0-PASS,0090,0,PASS,BUMPED,2026-10-06T19:46:48-07:00
0091-0-PASS,0091,0,PASS,STARTED,2026-10-06T19:46:48-07:00
0097-1-PREP,0097,1,PREP,FIRED,2026-10-06T19:47:14-07:00
0097-2-PREP,0097,2,PREP,FIRED,2026-10-06T19:47:14-07:00
0097-3-FRY,0097,3,FRY,FIRED,2026-10-06T19:47:14-07:00
0097-1-PREP,0097,1,PREP,STARTED,2026-10-06T19:47:14-07:00
0094-2-FRY,0094,2,FRY,BUMPED,2026-10-06T19:47:36-07:00
0096-2-FRY,0096,2,FRY,STARTED,2026-10-06T19:47:36-07:00
0098-1-PREP,0098,1,PREP,FIRED,2026-10-06T19:47:43-07:00
0095-2-PREP,0095,2,PREP,BUMPED,2026-10-06T19:47:51-07:00
0095-2-GRILL,0095,2,GRILL,FIRED,2026-10-06T19:47:51-07:00
0095-2-GRILL,0095,2,GRILL,STARTED,2026-10-06T19:47:51-07:00
0097-2-PREP,0097,2,PREP,STARTED,2026-10-06T19:47:51-07:00
0089-0-PASS,0089,0,PASS,BUMPED,2026-10-06T19:47:56-07:00
0095-1-PREP,0095,1,PREP,BUMPED,2026-10-06T19:48:12-07:00
0095-1-FRY,0095,1,FRY,FIRED,2026-10-06T19:48:12-07:00
0098-1-PREP,0098,1,PREP,STARTED,2026-10-06T19:48:12-07:00
0091-0-PASS,0091,0,PASS,BUMPED,2026-10-06T19:48:22-07:00
0096-1-PREP,0096,1,PREP,BUMPED,2026-10-06T19:48:28-07:00
0096-1-GRILL,0096,1,GRILL,FIRED,2026-10-06T19:48:28-07:00
0096-1-GRILL,0096,1,GRILL,STARTED,2026-10-06T19:48:28-07:00
0097-2-PREP,0097,2,PREP,BUMPED,2026-10-06T19:49:16-07:00
0097-2-GRILL,0097,2,GRILL,FIRED,2026-10-06T19:49:16-07:00
0097-2-GRILL,0097,2,GRILL,STARTED,2026-10-06T19:49:16-07:00
0097-1-PREP,0097,1,PREP,BUMPED,2026-10-06T19:49:45-07:00
0098-1-PREP,0098,1,PREP,BUMPED,2026-10-06T19:50:01-07:00
0098-1-GRILL,0098,1,GRILL,FIRED,2026-10-06T19:50:01-07:00
0098-1-GRILL,0098,1,GRILL,STARTED,2026-10-06T19:50:01-07:00
0095-3-FRY,0095,3,FRY,BUMPED,2026-10-06T19:50:34-07:00
0097-3-FRY,0097,3,FRY,STARTED,2026-10-06T19:50:34-07:00
0099-1-PREP,0099,1,PREP,FIRED,2026-10-06T19:50:59-07:00
0099-2-FRY,0099,2,FRY,FIRED,2026-10-06T19:50:59-07:00
0099-1-PREP,0099,1,PREP,STARTED,2026-10-06T19:50:59-07:00
0096-2-FRY,0096,2,FRY,BUMPED,2026-10-06T19:51:29-07:00
0095-1-FRY,0095,1,FRY,STARTED,2026-10-06T19:51:29-07:00
0100-1-PREP,0100,1,PREP,FIRED,2026-10-06T19:51:38-07:00
0100-2-FRY,0100,2,FRY,FIRED,2026-10-06T19:51:38-07:00
0100-1-PREP,0100,1,PREP,STARTED,2026-10-06T19:51:38-07:00
0094-1-FRY,0094,1,FRY,BUMPED,2026-10-06T19:51:43-07:00
0094-0-PASS,0094,0,PASS,FIRED,2026-10-06T19:51:43-07:00
0094-0-PASS,0094,0,PASS,STARTED,2026-10-06T19:51:43-07:00
0099-2-FRY,0099,2,FRY,STARTED,2026-10-06T19:51:43-07:00
0099-1-PREP,0099,1,PREP,BUMPED,2026-10-06T19:52:26-07:00
0099-1-FRY,0099,1,FRY,FIRED,2026-10-06T19:52:26-07:00
0095-2-GRILL,0095,2,GRILL,BUMPED,2026-10-06T19:52:42-07:00
0096-1-GRILL,0096,1,GRILL,BUMPED,2026-10-06T19:53:00-07:00
0096-0-PASS,0096,0,PASS,FIRED,2026-10-06T19:53:00-07:00
0096-0-PASS,0096,0,PASS,STARTED,2026-10-06T19:53:00-07:00
0097-2-GRILL,0097,2,GRILL,BUMPED,2026-10-06T19:53:09-07:00
0100-1-PREP,0100,1,PREP,BUMPED,2026-10-06T19:53:23-07:00
0100-1-GRILL,0100,1,GRILL,FIRED,2026-10-06T19:53:23-07:00
0100-1-GRILL,0100,1,GRILL,STARTED,2026-10-06T19:53:23-07:00
0094-0-PASS,0094,0,PASS,BUMPED,2026-10-06T19:53:33-07:00
0096-0-PASS,0096,0,PASS,BUMPED,2026-10-06T19:54:20-07:00
0098-1-GRILL,0098,1,GRILL,BUMPED,2026-10-06T19:54:20-07:00
0098-0-PASS,0098,0,PASS,FIRED,2026-10-06T19:54:20-07:00
0098-0-PASS,0098,0,PASS,STARTED,2026-10-06T19:54:20-07:00
0097-3-FRY,0097,3,FRY,BUMPED,2026-10-06T19:54:44-07:00
0097-0-PASS,0097,0,PASS,FIRED,2026-10-06T19:54:44-07:00
0097-0-PASS,0097,0,PASS,STARTED,2026-10-06T19:54:44-07:00
0100-2-FRY,0100,2,FRY,STARTED,2026-10-06T19:54:44-07:00
0099-2-FRY,0099,2,FRY,BUMPED,2026-10-06T19:55:19-07:00
0099-1-FRY,0099,1,FRY,STARTED,2026-10-06T19:55:19-07:00
0098-0-PASS,0098,0,PASS,BUMPED,2026-10-06T19:55:33-07:00
0095-1-FRY,0095,1,FRY,BUMPED,2026-10-06T19:56:11-07:00
0097-0-PASS,0097,0,PASS,BUMPED,2026-10-06T19:56:11-07:00
0095-0-PASS,0095,0,PASS,FIRED,2026-10-06T19:56:11-07:00
0095-0-PASS,0095,0,PASS,STARTED,2026-10-06T19:56:11-07:00
0100-1-GRILL,0100,1,GRILL,BUMPED,2026-10-06T19:57:33-07:00
0095-0-PASS,0095,0,PASS,BUMPED,2026-10-06T19:57:50-07:00
0100-2-FRY,0100,2,FRY,BUMPED,2026-10-06T19:59:04-07:00
0100-0-PASS,0100,0,PASS,FIRED,2026-10-06T19:59:04-07:00
0100-0-PASS,0100,0,PASS,STARTED,2026-10-06T19:59:04-07:00
0099-1-FRY,0099,1,FRY,BUMPED,2026-10-06T20:00:17-07:00
0099-0-PASS,0099,0,PASS,FIRED,2026-10-06T20:00:17-07:00
0099-0-PASS,0099,0,PASS,STARTED,2026-10-06T20:00:17-07:00
0100-0-PASS,0100,0,PASS,BUMPED,2026-10-06T20:00:22-07:00
0101-1-PREP,0101,1,PREP,FIRED,2026-10-06T20:00:51-07:00
0101-2-FRY,0101,2,FRY,FIRED,2026-10-06T20:00:51-07:00
0101-1-PREP,0101,1,PREP,STARTED,2026-10-06T20:00:51-07:00
0101-2-FRY,0101,2,FRY,STARTED,2026-10-06T20:00:51-07:00
0102-1-PREP,0102,1,PREP,FIRED,2026-10-06T20:01:46-07:00
0102-2-FRY,0102,2,FRY,FIRED,2026-10-06T20:01:46-07:00
0102-1-PREP,0102,1,PREP,STARTED,2026-10-06T20:01:46-07:00
0102-2-FRY,0102,2,FRY,STARTED,2026-10-06T20:01:46-07:00
0099-0-PASS,0099,0,PASS,BUMPED,2026-10-06T20:02:02-07:00
0101-1-PREP,0101,1,PREP,BUMPED,2026-10-06T20:02:09-07:00
0101-1-GRILL,0101,1,GRILL,FIRED,2026-10-06T20:02:09-07:00
0101-1-GRILL,0101,1,GRILL,STARTED,2026-10-06T20:02:09-07:00
0102-1-PREP,0102,1,PREP,BUMPED,2026-10-06T20:03:28-07:00
0102-1-GRILL,0102,1,GRILL,FIRED,2026-10-06T20:03:28-07:00
0102-1-GRILL,0102,1,GRILL,STARTED,2026-10-06T20:03:28-07:00
0101-2-FRY,0101,2,FRY,BUMPED,2026-10-06T20:03:48-07:00
0103-1-PREP,0103,1,PREP,FIRED,2026-10-06T20:05:11-07:00
0103-2-FRY,0103,2,FRY,FIRED,2026-10-06T20:05:11-07:00
0103-1-PREP,0103,1,PREP,STARTED,2026-10-06T20:05:11-07:00
0103-2-FRY,0103,2,FRY,STARTED,2026-10-06T20:05:11-07:00
0102-2-FRY,0102,2,FRY,BUMPED,2026-10-06T20:05:35-07:00
0101-1-GRILL,0101,1,GRILL,BUMPED,2026-10-06T20:06:50-07:00
0101-0-PASS,0101,0,PASS,FIRED,2026-10-06T20:06:50-07:00
0101-0-PASS,0101,0,PASS,STARTED,2026-10-06T20:06:50-07:00
0102-1-GRILL,0102,1,GRILL,BUMPED,2026-10-06T20:07:09-07:00
0102-0-PASS,0102,0,PASS,FIRED,2026-10-06T20:07:09-07:00
0102-0-PASS,0102,0,PASS,STARTED,2026-10-06T20:07:09-07:00
0103-1-PREP,0103,1,PREP,BUMPED,2026-10-06T20:07:57-07:00
0101-0-PASS,0101,0,PASS,BUMPED,2026-10-06T20:08:20-07:00
0103-2-FRY,0103,2,FRY,BUMPED,2026-10-06T20:08:27-07:00
0103-0-PASS,0103,0,PASS,FIRED,2026-10-06T20:08:27-07:00
0103-0-PASS,0103,0,PASS,STARTED,2026-10-06T20:08:27-07:00
0102-0-PASS,0102,0,PASS,BUMPED,2026-10-06T20:08:45-07:00
0104-1-PREP,0104,1,PREP,FIRED,2026-10-06T20:09:43-07:00
0104-2-PREP,0104,2,PREP,FIRED,2026-10-06T20:09:43-07:00
0104-3-FRY,0104,3,FRY,FIRED,2026-10-06T20:09:43-07:00
0104-1-PREP,0104,1,PREP,STARTED,2026-10-06T20:09:43-07:00
0104-2-PREP,0104,2,PREP,STARTED,2026-10-06T20:09:43-07:00
0104-3-FRY,0104,3,FRY,STARTED,2026-10-06T20:09:43-07:00
0103-0-PASS,0103,0,PASS,BUMPED,2026-10-06T20:09:49-07:00
0105-1-PREP,0105,1,PREP,FIRED,2026-10-06T20:10:17-07:00
0105-2-FRY,0105,2,FRY,FIRED,2026-10-06T20:10:17-07:00
0105-1-PREP,0105,1,PREP,STARTED,2026-10-06T20:10:17-07:00
0105-2-FRY,0105,2,FRY,STARTED,2026-10-06T20:10:17-07:00
0106-1-PREP,0106,1,PREP,FIRED,2026-10-06T20:10:29-07:00
0106-1-PREP,0106,1,PREP,STARTED,2026-10-06T20:10:29-07:00
0104-2-PREP,0104,2,PREP,BUMPED,2026-10-06T20:11:17-07:00
0104-2-GRILL,0104,2,GRILL,FIRED,2026-10-06T20:11:17-07:00
0104-2-GRILL,0104,2,GRILL,STARTED,2026-10-06T20:11:17-07:00
0104-1-PREP,0104,1,PREP,BUMPED,2026-10-06T20:11:31-07:00
0104-1-FRY,0104,1,FRY,FIRED,2026-10-06T20:11:31-07:00
0104-1-FRY,0104,1,FRY,STARTED,2026-10-06T20:11:31-07:00
0105-1-PREP,0105,1,PREP,BUMPED,2026-10-06T20:11:46-07:00
0105-1-GRILL,0105,1,GRILL,FIRED,2026-10-06T20:11:46-07:00
0105-1-GRILL,0105,1,GRILL,STARTED,2026-10-06T20:11:46-07:00
0106-1-PREP,0106,1,PREP,BUMPED,2026-10-06T20:11:54-07:00
0106-1-FRY,0106,1,FRY,FIRED,2026-10-06T20:11:54-07:00
0104-3-FRY,0104,3,FRY,BUMPED,2026-10-06T20:13:45-07:00
0106-1-FRY,0106,1,FRY,STARTED,2026-10-06T20:13:45-07:00
0105-2-FRY,0105,2,FRY,BUMPED,2026-10-06T20:14:09-07:00
0104-2-GRILL,0104,2,GRILL,BUMPED,2026-10-06T20:14:37-07:00
0105-1-GRILL,0105,1,GRILL,BUMPED,2026-10-06T20:15:16-07:00
0105-0-PASS,0105,0,PASS,FIRED,2026-10-06T20:15:16-07:00
0105-0-PASS,0105,0,PASS,STARTED,2026-10-06T20:15:16-07:00
0105-0-PASS,0105,0,PASS,BUMPED,2026-10-06T20:16:41-07:00
0107-1-PREP,0107,1,PREP,FIRED,2026-10-06T20:16:55-07:00
0107-2-FRY,0107,2,FRY,FIRED,2026-10-06T20:16:55-07:00
0107-1-PREP,0107,1,PREP,STARTED,2026-10-06T20:16:55-07:00
0107-2-FRY,0107,2,FRY,STARTED,2026-10-06T20:16:55-07:00
0104-1-FRY,0104,1,FRY,BUMPED,2026-10-06T20:17:27-07:00
0104-0-PASS,0104,0,PASS,FIRED,2026-10-06T20:17:27-07:00
0104-0-PASS,0104,0,PASS,STARTED,2026-10-06T20:17:27-07:00
0107-1-PREP,0107,1,PREP,BUMPED,2026-10-06T20:18:41-07:00
0107-1-FRY,0107,1,FRY,FIRED,2026-10-06T20:18:41-07:00
0107-1-FRY,0107,1,FRY,STARTED,2026-10-06T20:18:41-07:00
0104-0-PASS,0104,0,PASS,BUMPED,2026-10-06T20:18:58-07:00
0106-1-FRY,0106,1,FRY,BUMPED,2026-10-06T20:19:04-07:00
0106-0-PASS,0106,0,PASS,FIRED,2026-10-06T20:19:04-07:00
0106-0-PASS,0106,0,PASS,STARTED,2026-10-06T20:19:04-07:00
0106-0-PASS,0106,0,PASS,BUMPED,2026-10-06T20:20:31-07:00
0107-2-FRY,0107,2,FRY,BUMPED,2026-10-06T20:21:10-07:00
0107-1-FRY,0107,1,FRY,BUMPED,2026-10-06T20:23:05-07:00
0107-0-PASS,0107,0,PASS,FIRED,2026-10-06T20:23:05-07:00
0107-0-PASS,0107,0,PASS,STARTED,2026-10-06T20:23:05-07:00
0108-1-PREP,0108,1,PREP,FIRED,2026-10-06T20:24:02-07:00
0108-2-FRY,0108,2,FRY,FIRED,2026-10-06T20:24:02-07:00
0108-1-PREP,0108,1,PREP,STARTED,2026-10-06T20:24:02-07:00
0108-2-FRY,0108,2,FRY,STARTED,2026-10-06T20:24:02-07:00
0107-0-PASS,0107,0,PASS,BUMPED,2026-10-06T20:24:38-07:00
0108-1-PREP,0108,1,PREP,BUMPED,2026-10-06T20:26:06-07:00
0108-2-FRY,0108,2,FRY,BUMPED,2026-10-06T20:27:52-07:00
0108-0-PASS,0108,0,PASS,FIRED,2026-10-06T20:27:52-07:00
0108-0-PASS,0108,0,PASS,STARTED,2026-10-06T20:27:52-07:00
0108-0-PASS,0108,0,PASS,BUMPED,2026-10-06T20:29:31-07:00
