order_no,opened_at,channel,items,total,closed_at
0001,2026-10-06T17:10:54-07:00,dine_in,BRG;CHK;FRY;DRK,30.00,2026-10-06T17:19:55-07:00
0002,2026-10-06T17:16:23-07:00,dine_in,BRG;FRY;DRK,18.00,2026-10-06T17:24:04-07:00
0003,2026-10-06T17:29:11-07:00,dine_in,BRG;FRY,15.50,2026-10-06T17:37:01-07:00
0004,2026-10-06T17:31:23-07:00,dine_in,CHK;FRY;DRK,18.50,2026-10-06T17:41:44-07:00
0005,2026-10-06T17:33:40-07:00,dine_in,BRG;FRY;DRK,18.00,2026-10-06T17:41:43-07:00
0006,2026-10-06T17:34:10-07:00,pickup,CHK;FRY,16.00,2026-10-06T17:45:12-07:00
0007,2026-10-06T17:37:23-07:00,pickup,CHK;BRG;FRY,27.50,2026-10-06T17:48:36-07:00
0008,2026-10-06T17:38:25-07:00,dine_in,SAL;FRY;DRK,15.50,2026-10-06T17:45:49-07:00
0009,2026-10-06T17:39:17-07:00,dine_in,CHK;DRK,14.50,2026-10-06T17:49:52-07:00
0010,2026-10-06T17:40:59-07:00,pickup,BRG;CHK;FRY;DRK,30.00,2026-10-06T17:53:51-07:00
0011,2026-10-06T17:45:07-07:00,dine_in,BRG;DRK,14.00,2026-10-06T17:53:43-07:00
0012,2026-10-06T17:45:40-07:00,dine_in,BRG;FRY,15.50,2026-10-06T17:55:22-07:00
0013,2026-10-06T17:50:33-07:00,dine_in,BRG;BRG;FRY,27.00,2026-10-06T17:59:42-07:00
0014,2026-10-06T17:51:12-07:00,dine_in,BRG;DRK,14.00,2026-10-06T17:59:15-07:00
0015,2026-10-06T17:54:01-07:00,dine_in,CHK,12.00,2026-10-06T18:02:08-07:00
0016,2026-10-06T17:56:31-07:00,dine_in,BRG;FRY,15.50,2026-10-06T18:05:35-07:00
0017,2026-10-06T17:58:15-07:00,pickup,SAL;FRY;DRK,15.50,2026-10-06T18:04:03-07:00
0018,2026-10-06T17:58:15-07:00,pickup,CHK;DRK,14.50,2026-10-06T18:07:52-07:00
0019,2026-10-06T17:59:44-07:00,dine_in,BRG;FRY;DRK,18.00,2026-10-06T18:08:19-07:00
0020,2026-10-06T18:02:52-07:00,pickup,SAL;FRY;DRK,15.50,2026-10-06T18:09:20-07:00
0021,2026-10-06T18:03:09-07:00,pickup,BRG,11.50,2026-10-06T18:10:23-07:00
0022,2026-10-06T18:04:45-07:00,dine_in,BRG;CHK;DRK,26.00,2026-10-06T18:13:30-07:00
0023,2026-10-06T18:05:27-07:00,pickup,BRG,11.50,2026-10-06T18:13:27-07:00
0024,2026-10-06T18:06:14-07:00,pickup,BRG;BRG,23.00,2026-10-06T18:14:43-07:00
0025,2026-10-06T18:07:23-07:00,pickup,CHK;FRY;DRK,18.50,2026-10-06T18:17:04-07:00
0026,2026-10-06T18:08:16-07:00,dine_in,SAL;BRG,20.50,2026-10-06T18:16:30-07:00
0027,2026-10-06T18:09:09-07:00,pickup,BRG;BRG,23.00,2026-10-06T18:17:55-07:00
0028,2026-10-06T18:10:23-07:00,pickup,BRG;FRY,15.50,2026-10-06T18:18:56-07:00
0029,2026-10-06T18:10:34-07:00,pickup,CHK;FRY,16.00,2026-10-06T18:22:00-07:00
0030,2026-10-06T18:12:27-07:00,dine_in,BRG;FRY;DRK,18.00,2026-10-06T18:20:50-07:00
0031,2026-10-06T18:15:52-07:00,dine_in,BRG;FRY;DRK,18.00,2026-10-06T18:23:50-07:00
0032,2026-10-06T18:17:47-07:00,pickup,BRG;FRY,15.50,2026-10-06T18:25:58-07:00
0033,2026-10-06T18:23:51-07:00,dine_in,BRG;FRY,15.50,2026-10-06T18:32:33-07:00
0034,2026-10-06T18:23:58-07:00,dine_in,SAL;CHK,21.00,2026-10-06T18:35:48-07:00
0035,2026-10-06T18:25:03-07:00,dine_in,SAL;FRY,13.00,2026-10-06T18:32:26-07:00
0036,2026-10-06T18:28:10-07:00,dine_in,BRG;FRY;DRK,18.00,2026-10-06T18:36:46-07:00
0037,2026-10-06T18:28:58-07:00,dine_in,CHK;DRK,14.50,2026-10-06T18:38:51-07:00
0038,2026-10-06T18:29:04-07:00,pickup,CHK;FRY;DRK,18.50,2026-10-06T18:38:47-07:00
0039,2026-10-06T18:29:44-07:00,dine_in,CHK;FRY;DRK,18.50,2026-10-06T18:40:18-07:00
0040,2026-10-06T18:32:19-07:00,dine_in,BRG;BRG;FRY;DRK,29.50,2026-10-06T18:41:09-07:00
0041,2026-10-06T18:34:41-07:00,pickup,BRG;FRY,15.50,2026-10-06T18:42:49-07:00
0042,2026-10-06T18:37:53-07:00,pickup,BRG;FRY;DRK,18.00,2026-10-06T18:46:39-07:00
0043,2026-10-06T18:42:45-07:00,dine_in,BRG;FRY,15.50,2026-10-06T18:50:39-07:00
0044,2026-10-06T18:44:05-07:00,dine_in,BRG;BRG;DRK,25.50,2026-10-06T18:52:51-07:00
0045,2026-10-06T18:45:12-07:00,dine_in,CHK;BRG;DRK,26.00,2026-10-06T18:54:36-07:00
0046,2026-10-06T18:45:46-07:00,dine_in,BRG;BRG;FRY;DRK,29.50,2026-10-06T18:56:02-07:00
0047,2026-10-06T18:46:47-07:00,dine_in,BRG;FRY;DRK,18.00,2026-10-06T18:57:46-07:00
0048,2026-10-06T18:48:16-07:00,dine_in,CHK;FRY,16.00,2026-10-06T18:58:29-07:00
0049,2026-10-06T18:48:53-07:00,pickup,BRG;FRY,15.50,2026-10-06T18:59:01-07:00
0050,2026-10-06T18:49:25-07:00,dine_in,CHK;FRY,16.00,2026-10-06T19:00:17-07:00
0051,2026-10-06T18:51:44-07:00,pickup,CHK;FRY;DRK,18.50,2026-10-06T19:01:50-07:00
0052,2026-10-06T18:53:19-07:00,dine_in,CHK,12.00,2026-10-06T19:04:53-07:00
0053,2026-10-06T18:53:24-07:00,dine_in,CHK;FRY;DRK,18.50,2026-10-06T19:03:31-07:00
0054,2026-10-06T18:54:34-07:00,pickup,BRG;CHK;FRY;DRK,30.00,2026-10-06T19:06:20-07:00
0055,2026-10-06T18:56:26-07:00,pickup,BRG,11.50,2026-10-06T19:04:48-07:00
0056,2026-10-06T18:57:58-07:00,pickup,SAL;DRK,11.50,2026-10-06T19:03:35-07:00
0057,2026-10-06T18:58:26-07:00,dine_in,BRG;BRG;FRY;DRK,29.50,2026-10-06T19:07:20-07:00
0058,2026-10-06T18:58:46-07:00,pickup,BRG;CHK;FRY;DRK,30.00,2026-10-06T19:10:20-07:00
0059,2026-10-06T18:59:19-07:00,pickup,SAL;FRY,13.00,2026-10-06T19:07:54-07:00
0060,2026-10-06T19:00:20-07:00,dine_in,CHK;BRG;DRK,26.00,2026-10-06T19:13:15-07:00
0061,2026-10-06T19:00:21-07:00,dine_in,SAL;FRY;DRK,15.50,2026-10-06T19:10:43-07:00
0062,2026-10-06T19:01:36-07:00,dine_in,BRG;FRY;DRK,18.00,2026-10-06T19:13:46-07:00
0063,2026-10-06T19:04:02-07:00,dine_in,BRG;FRY;DRK,18.00,2026-10-06T19:15:57-07:00
0064,2026-10-06T19:04:56-07:00,pickup,BRG;FRY;DRK,18.00,2026-10-06T19:16:11-07:00
0065,2026-10-06T19:05:04-07:00,dine_in,SAL;FRY,13.00,2026-10-06T19:14:42-07:00
0066,2026-10-06T19:05:33-07:00,pickup,BRG;FRY;DRK,18.00,2026-10-06T19:18:18-07:00
0067,2026-10-06T19:07:24-07:00,dine_in,BRG;CHK;FRY,27.50,2026-10-06T19:20:43-07:00
0068,2026-10-06T19:07:43-07:00,dine_in,SAL;SAL;FRY,22.00,2026-10-06T19:17:53-07:00
0069,2026-10-06T19:09:33-07:00,dine_in,BRG;FRY,15.50,2026-10-06T19:24:13-07:00
0070,2026-10-06T19:11:12-07:00,dine_in,CHK;FRY,16.00,2026-10-06T19:25:58-07:00
0071,2026-10-06T19:12:56-07:00,dine_in,BRG;DRK,14.00,2026-10-06T19:25:25-07:00
0072,2026-10-06T19:13:54-07:00,dine_in,BRG;FRY,15.50,2026-10-06T19:24:20-07:00
0073,2026-10-06T19:15:35-07:00,dine_in,SAL;BRG;DRK,23.00,2026-10-06T19:26:56-07:00
0074,2026-10-06T19:15:36-07:00,dine_in,SAL;CHK;DRK,23.50,2026-10-06T19:28:43-07:00
0075,2026-10-06T19:19:28-07:00,pickup,BRG;DRK,14.00,2026-10-06T19:30:25-07:00
0076,2026-10-06T19:20:05-07:00,dine_in,CHK;FRY;DRK,18.50,2026-10-06T19:32:10-07:00
0077,2026-10-06T19:20:25-07:00,dine_in,SAL;DRK,11.50,2026-10-06T19:29:03-07:00
0078,2026-10-06T19:23:37-07:00,dine_in,SAL;FRY,13.00,2026-10-06T19:30:36-07:00
0079,2026-10-06T19:25:28-07:00,dine_in,BRG;FRY;DRK,18.00,2026-10-06T19:34:05-07:00
0080,2026-10-06T19:26:22-07:00,dine_in,BRG;FRY;DRK,18.00,2026-10-06T19:35:52-07:00
0081,2026-10-06T19:27:37-07:00,pickup,BRG;DRK,14.00,2026-10-06T19:35:53-07:00
0082,2026-10-06T19:28:16-07:00,dine_in,CHK;DRK,14.50,2026-10-06T19:38:02-07:00
0083,2026-10-06T19:30:06-07:00,dine_in,BRG;FRY;DRK,18.00,2026-10-06T19:37:50-07:00
0084,2026-10-06T19:31:33-07:00,dine_in,BRG;FRY;DRK,18.00,2026-10-06T19:40:19-07:00
0085,2026-10-06T19:33:02-07:00,dine_in,BRG;FRY;DRK,18.00,2026-10-06T19:40:27-07:00
0086,2026-10-06T19:34:49-07:00,dine_in,BRG;DRK,14.00,2026-10-06T19:42:19-07:00
0087,2026-10-06T19:35:23-07:00,dine_in,CHK;FRY,16.00,2026-10-06T19:43:40-07:00
0088,2026-10-06T19:36:46-07:00,pickup,BRG;FRY;DRK,18.00,2026-10-06T19:46:02-07:00
0089,2026-10-06T19:37:55-07:00,dine_in,CHK,12.00,2026-10-06T19:48:56-07:00
0090,2026-10-06T19:39:52-07:00,pickup,BRG;FRY;DRK,18.00,2026-10-06T19:47:48-07:00
0091,2026-10-06T19:40:11-07:00,dine_in,BRG;FRY,15.50,2026-10-06T19:49:22-07:00
0092,2026-10-06T19:40:12-07:00,pickup,BRG;DRK,14.00,2026-10-06T19:47:12-07:00
0093,2026-10-06T19:40:46-07:00,dine_in,SAL,9.00,2026-10-06T19:45:40-07:00
0094,2026-10-06T19:44:15-07:00,dine_in,CHK;FRY;DRK,18.50,2026-10-06T19:54:33-07:00
0095,2026-10-06T19:46:22-07:00,pickup,CHK;BRG;FRY;DRK,30.00,2026-10-06T19:58:50-07:00
0096,2026-10-06T19:46:47-07:00,pickup,BRG;FRY,15.50,2026-10-06T19:55:20-07:00
0097,2026-10-06T19:47:14-07:00,dine_in,SAL;BRG;FRY;DRK,27.00,2026-10-06T19:57:11-07:00
0098,2026-10-06T19:47:43-07:00,dine_in,BRG;DRK,14.00,2026-10-06T19:56:33-07:00
0099,2026-10-06T19:50:59-07:00,pickup,CHK;FRY,16.00,2026-10-06T20:03:02-07:00
0100,2026-10-06T19:51:38-07:00,dine_in,BRG;FRY;DRK,18.00,2026-10-06T20:01:22-07:00
0101,2026-10-06T20:00:51-07:00,dine_in,BRG;FRY,15.50,2026-10-06T20:09:20-07:00
0102,2026-10-06T20:01:46-07:00,dine_in,BRG;FRY,15.50,2026-10-06T20:09:45-07:00
0103,2026-10-06T20:05:11-07:00,dine_in,SAL;FRY;DRK,15.50,2026-10-06T20:10:49-07:00
0104,2026-10-06T20:09:43-07:00,dine_in,CHK;BRG;FRY,27.50,2026-10-06T20:19:58-07:00
0105,2026-10-06T20:10:17-07:00,pickup,BRG;FRY;DRK,18.00,2026-10-06T20:17:41-07:00
0106,2026-10-06T20:10:29-07:00,dine_in,CHK;DRK,14.50,2026-10-06T20:21:31-07:00
0107,2026-10-06T20:16:55-07:00,dine_in,CHK;FRY;DRK,18.50,2026-10-06T20:25:38-07:00
0108,2026-10-06T20:24:02-07:00,pickup,SAL;FRY,13.00,
