badge,event,station,ts
EMP001,CLOCK_IN,,2026-10-06T17:00:00-07:00
EMP001,ASSIGN,PREP,2026-10-06T17:00:00-07:00
EMP002,CLOCK_IN,,2026-10-06T17:00:00-07:00
EMP002,ASSIGN,GRILL,2026-10-06T17:00:00-07:00
EMP003,CLOCK_IN,,2026-10-06T17:00:00-07:00
EMP003,ASSIGN,FRY,2026-10-06T17:00:00-07:00
EMP004,CLOCK_IN,,2026-10-06T17:00:00-07:00
EMP004,ASSIGN,PREP,2026-10-06T17:00:00-07:00
EMP005,CLOCK_IN,,2026-10-06T17:00:00-07:00
EMP005,ASSIGN,PASS,2026-10-06T17:00:00-07:00
EMP006,CLOCK_IN,,2026-10-06T17:00:00-07:00
EMP004,ASSIGN,FRY,2026-10-06T18:20:00-07:00
EMP004,ASSIGN,PREP,2026-10-06T19:30:00-07:00
